,date,transactionId,mobileDeviceBranding,users,sessions,pageviews
1,01-03-2017,1669101,Xiaomi,1,1,0
2,01-03-2017,1717781,Xiaomi,1,1,0
3,01-03-2017,1736351,Samsung,1,0,0
4,02-03-2017,1737771,Lenovo,1,0,0
5,02-03-2017,1737881,Samsung,1,0,0
6,02-03-2017,1737971,Apple,1,0,0
7,02-03-2017,1738131,Apple,1,0,0
8,03-03-2017,1743241,Apple,1,0,0
9,03-03-2017,1743861,Apple,1,0,0
10,04-03-2017,1277440,Samsung,1,0,0
11,04-03-2017,1518781,Motorola,1,1,0
12,04-03-2017,1717781,Xiaomi,1,1,0
13,04-03-2017,1727838,Apple,1,0,0
14,04-03-2017,1727896,Apple,1,0,0
15,04-03-2017,1727915,Apple,1,0,0
16,04-03-2017,1744721,Apple,1,0,0
17,04-03-2017,1745111,Samsung,1,0,0
18,04-03-2017,1745371,Samsung,1,0,0
19,04-03-2017,1745431,Samsung,1,0,0
20,04-03-2017,1745581,Apple,1,0,0
21,05-03-2017,1551981,Xiaomi,1,0,0
22,05-03-2017,1727929,Apple,1,0,0
23,05-03-2017,1727931,Apple,1,0,0
24,05-03-2017,1727933,Apple,1,0,0
25,05-03-2017,1746011,Apple,1,0,0
26,05-03-2017,1746371,Apple,1,0,0
27,05-03-2017,1746381,Apple,1,0,0
28,05-03-2017,1746461,(not set),1,0,0
29,06-03-2017,1728012,Google,1,0,0
30,06-03-2017,1746901,Apple,1,0,0
31,07-03-2017,1748361,Apple,1,0,0
32,07-03-2017,1748401,Samsung,1,0,0
33,07-03-2017,1749861,Apple,1,0,0
34,07-03-2017,1750251,Samsung,1,0,0
35,08-03-2017,1751221,Samsung,1,0,0
36,08-03-2017,1751711,Samsung,1,0,0
37,08-03-2017,1751771,Samsung,1,0,0
38,08-03-2017,1751811,Samsung,1,0,0
39,08-03-2017,1752261,Samsung,1,0,0
40,09-03-2017,1752831,Samsung,1,0,0
41,09-03-2017,1753501,Apple,1,0,0
42,09-03-2017,1755041,Samsung,1,0,0
43,10-03-2017,1667671,Xiaomi,1,0,0
44,10-03-2017,1728096,Google,1,0,0
45,10-03-2017,1756091,Apple,1,0,0
46,10-03-2017,1756811,Apple,1,0,0
47,10-03-2017,1757481,Samsung,1,0,0
48,10-03-2017,1757611,LeEco,1,0,0
49,11-03-2017,1758061,Lenovo,1,0,0
50,11-03-2017,1758101,Apple,1,0,0
51,11-03-2017,1758811,Samsung,1,0,0
52,11-03-2017,1758931,Samsung,1,0,0
53,11-03-2017,1759021,Samsung,1,0,0
54,11-03-2017,1759201,Apple,1,0,0
55,11-03-2017,1759801,Xiaomi,1,0,0
56,12-03-2017,1758931,Samsung,1,0,0
57,12-03-2017,1760571,Microsoft,1,0,0
58,13-03-2017,1761281,Apple,1,0,0
59,13-03-2017,1761601,Samsung,1,0,0
60,13-03-2017,1761611,Samsung,1,0,0
61,13-03-2017,1761631,Samsung,1,0,0
62,14-03-2017,1758931,Samsung,1,2,0
63,14-03-2017,1761951,(not set),1,1,0
64,14-03-2017,1764111,Apple,1,0,0
65,15-03-2017,1758931,Samsung,1,1,0
66,15-03-2017,1765661,Apple,1,0,0
67,15-03-2017,1765871,LeTV,1,0,0
68,15-03-2017,1766641,Apple,1,0,0
69,15-03-2017,1766681,Apple,1,0,0
70,16-03-2017,1758931,Samsung,1,1,0
71,16-03-2017,1768071,Motorola,1,0,0
72,16-03-2017,1768231,Apple,1,0,0
73,16-03-2017,1769001,HTC,1,0,0
74,16-03-2017,1769041,HTC,1,0,0
75,16-03-2017,1770651,Samsung,1,0,0
76,16-03-2017,1770731,Samsung,1,0,0
77,16-03-2017,1770741,Samsung,1,0,0
78,17-03-2017,1758931,Samsung,1,0,0
79,17-03-2017,1772331,Xiaomi,1,0,0
80,17-03-2017,1772391,MediaTek,1,0,0
81,17-03-2017,1772531,(not set),1,0,0
82,17-03-2017,1772731,Lenovo,1,0,0
83,17-03-2017,1772801,Xiaomi,1,0,0
84,17-03-2017,1772851,Intex,1,0,0
85,17-03-2017,1772871,YU,1,0,0
86,17-03-2017,1772911,Lenovo,1,0,0
87,17-03-2017,1772951,Xiaomi,1,0,0
88,17-03-2017,1772991,Samsung,1,0,0
89,17-03-2017,1773231,LeTV,1,0,0
90,17-03-2017,1773581,Micromax,1,0,0
91,17-03-2017,1773691,Xiaomi,1,0,0
92,17-03-2017,1773911,HTC,1,0,0
93,17-03-2017,1773931,Xiaomi,1,0,0
94,17-03-2017,1773961,Samsung,1,0,0
95,17-03-2017,1774101,Xiaomi,1,0,0
96,17-03-2017,1774111,Motorola,1,0,0
97,17-03-2017,1774151,Lenovo,1,0,0
98,17-03-2017,1774271,Xiaomi,1,0,0
99,17-03-2017,1778631,Xiaomi,1,0,0
100,17-03-2017,1779051,Xiaomi,1,0,0
101,17-03-2017,1779471,Xiaomi,1,1,0
102,17-03-2017,1780071,Motorola,1,0,0
103,17-03-2017,1780451,Motorola,1,0,0
104,17-03-2017,1780461,(not set),1,0,0
105,17-03-2017,1780531,Xiaomi,1,0,0
106,17-03-2017,1780681,Xiaomi,1,0,0
107,17-03-2017,1780731,Xiaomi,1,0,0
108,17-03-2017,1781281,Xiaomi,1,0,0
109,17-03-2017,1781361,Xiaomi,1,0,0
110,17-03-2017,1781671,Xiaomi,1,0,0
111,17-03-2017,1782171,Samsung,1,0,0
112,17-03-2017,1782231,LYF,1,0,0
113,17-03-2017,1782341,YU,1,0,0
114,17-03-2017,1782351,Asus,1,0,0
115,17-03-2017,1782441,Lenovo,1,0,0
116,17-03-2017,1782641,Samsung,1,0,0
117,17-03-2017,1782831,Xiaomi,1,0,0
118,17-03-2017,1782881,Asus,1,0,0
119,17-03-2017,1782921,Motorola,1,0,0
120,17-03-2017,1783041,Xolo,1,0,0
121,17-03-2017,1783131,Apple,1,0,0
122,17-03-2017,1783231,Samsung,1,0,0
123,17-03-2017,1783381,Xiaomi,1,0,0
124,17-03-2017,1783421,Micromax,1,0,0
125,17-03-2017,1783671,Xiaomi,1,0,0
126,17-03-2017,1784141,Tecno,1,0,0
127,17-03-2017,1784311,Lenovo,1,0,0
128,17-03-2017,1784441,(not set),1,0,0
129,17-03-2017,1784611,Acer,1,0,0
130,17-03-2017,1784981,Asus,1,0,0
131,17-03-2017,1785081,Xiaomi,1,0,0
132,17-03-2017,1785271,Xiaomi,1,0,0
133,17-03-2017,1785701,Xiaomi,1,0,0
134,17-03-2017,1785951,Apple,1,0,0
135,17-03-2017,1786021,LYF,1,0,0
136,17-03-2017,1786211,Asus,1,0,0
137,17-03-2017,1786451,Motorola,1,0,0
138,17-03-2017,1786491,Xiaomi,1,0,0
139,17-03-2017,1786911,Xiaomi,1,0,0
140,17-03-2017,1787101,Xiaomi,1,0,0
141,17-03-2017,1787211,Xiaomi,1,0,0
142,17-03-2017,1787351,Apple,1,0,0
143,17-03-2017,1787441,Xiaomi,1,0,0
144,17-03-2017,1788191,OnePlus,1,0,0
145,17-03-2017,1788281,Xiaomi,1,0,0
146,17-03-2017,1788451,Lenovo,1,0,0
147,17-03-2017,1788551,Xiaomi,1,0,0
148,17-03-2017,1788751,OPPO,1,0,0
149,17-03-2017,1789011,Xiaomi,1,0,0
150,17-03-2017,1789071,Xiaomi,1,0,0
151,17-03-2017,1789111,Xiaomi,1,0,0
152,17-03-2017,1789121,Lenovo,1,0,0
153,17-03-2017,1789171,Lenovo,1,0,0
154,17-03-2017,1789271,Xiaomi,1,0,0
155,17-03-2017,1789311,Xiaomi,1,0,0
156,17-03-2017,1789441,Xiaomi,1,0,0
157,17-03-2017,1790151,Lenovo,1,0,0
158,17-03-2017,1790391,Sony,1,0,0
159,17-03-2017,1791011,Xiaomi,1,0,0
160,17-03-2017,1791301,Samsung,1,0,0
161,17-03-2017,1791351,Apple,1,0,0
162,17-03-2017,1791581,Samsung,1,2,0
163,17-03-2017,1791991,Xiaomi,1,0,0
164,17-03-2017,1792181,Vivo,1,0,0
165,17-03-2017,1792741,Xiaomi,2,0,0
166,17-03-2017,1792851,Xiaomi,1,0,0
167,17-03-2017,1793221,Motorola,1,0,0
168,17-03-2017,1793241,Micromax,1,0,0
169,17-03-2017,1793771,Xiaomi,1,0,0
170,17-03-2017,1794071,Xiaomi,1,0,0
171,17-03-2017,1794091,Motorola,1,0,0
172,17-03-2017,1794451,Asus,1,0,0
173,17-03-2017,1794481,YU,1,0,0
174,17-03-2017,1794531,Motorola,1,0,0
175,17-03-2017,1794621,Lenovo,1,2,0
176,17-03-2017,1794831,Samsung,1,0,0
177,17-03-2017,1794841,Vivo,1,0,0
178,17-03-2017,1795041,Motorola,1,0,0
179,17-03-2017,1795101,Samsung,1,0,0
180,17-03-2017,1795371,Xiaomi,1,0,0
181,17-03-2017,1795401,Apple,1,0,0
182,17-03-2017,1795471,OnePlus,1,0,0
183,17-03-2017,1795481,Xiaomi,1,0,0
184,17-03-2017,1795671,Asus,1,0,0
185,17-03-2017,1796181,(not set),1,1,0
186,17-03-2017,1796341,Samsung,1,0,0
187,17-03-2017,1796641,Samsung,1,0,0
188,17-03-2017,1796771,Xiaomi,1,0,0
189,17-03-2017,1796951,Samsung,1,0,0
190,17-03-2017,1797151,Samsung,1,0,0
191,17-03-2017,1797231,Samsung,1,0,0
192,17-03-2017,1797671,LeEco,1,0,0
193,17-03-2017,1797761,Samsung,1,0,0
194,17-03-2017,1797891,(not set),1,0,0
195,17-03-2017,1798221,Samsung,1,0,0
196,17-03-2017,1798531,Xiaomi,1,0,0
197,17-03-2017,1798881,Xiaomi,1,0,0
198,17-03-2017,1798901,Xiaomi,1,0,0
199,17-03-2017,1799461,Micromax,1,0,0
200,17-03-2017,1799561,(not set),1,0,0
201,17-03-2017,1799791,Xiaomi,1,0,0
202,17-03-2017,1799911,Xiaomi,1,0,0
203,17-03-2017,1801121,Xiaomi,1,0,0
204,17-03-2017,1801241,Huawei,1,0,0
205,17-03-2017,1801251,OnePlus,1,0,0
206,17-03-2017,1801491,Xiaomi,1,0,0
207,17-03-2017,1801781,Xiaomi,1,0,0
208,17-03-2017,1801901,Xiaomi,1,0,0
209,17-03-2017,1802031,Microsoft,1,0,0
210,17-03-2017,1802111,Micromax,1,0,0
211,17-03-2017,1802441,Xiaomi,1,0,0
212,17-03-2017,1803671,Asus,1,0,0
213,17-03-2017,1803811,Samsung,1,0,0
214,17-03-2017,1804661,Lenovo,1,0,0
215,17-03-2017,1805151,Xiaomi,1,0,0
216,17-03-2017,1805731,Lenovo,1,0,0
217,17-03-2017,1806451,Samsung,1,0,0
218,17-03-2017,1806651,Samsung,1,0,0
219,17-03-2017,1806691,OnePlus,1,1,0
220,17-03-2017,1807441,Xiaomi,1,0,0
221,17-03-2017,1807481,(not set),1,0,0
222,17-03-2017,1807491,Samsung,1,0,0
223,17-03-2017,1808211,Xiaomi,1,0,0
224,17-03-2017,1808561,Xiaomi,1,0,0
225,17-03-2017,1808711,Apple,1,0,0
226,17-03-2017,1808731,(not set),1,0,0
227,17-03-2017,1808901,Samsung,1,0,0
228,17-03-2017,1808921,Samsung,1,0,0
229,17-03-2017,1809021,Samsung,1,0,0
230,17-03-2017,1809181,Motorola,1,0,0
231,17-03-2017,1809211,Lenovo,1,0,0
232,17-03-2017,1809511,Xiaomi,1,0,0
233,17-03-2017,1809631,Samsung,1,0,0
234,17-03-2017,1809951,OnePlus,1,0,0
235,17-03-2017,1810201,Apple,1,0,0
236,17-03-2017,1810311,(not set),1,0,0
237,17-03-2017,1810531,Xiaomi,1,1,0
238,17-03-2017,1810561,Motorola,1,0,0
239,17-03-2017,1810881,Xiaomi,1,0,0
240,17-03-2017,1811231,Samsung,1,0,0
241,17-03-2017,1811411,OnePlus,1,0,0
242,17-03-2017,1811441,Xiaomi,1,0,0
243,17-03-2017,1811471,Xiaomi,1,0,0
244,17-03-2017,1811511,(not set),1,1,0
245,17-03-2017,1811931,(not set),1,0,0
246,17-03-2017,1811941,Motorola,1,0,0
247,17-03-2017,1812691,Xiaomi,1,0,0
248,17-03-2017,1812741,Apple,1,0,0
249,17-03-2017,1813201,Xolo,1,0,0
250,17-03-2017,1813241,Xiaomi,1,0,0
251,17-03-2017,1813301,Samsung,1,0,0
252,17-03-2017,1813451,LYF,1,0,0
253,17-03-2017,1813511,Motorola,1,0,0
254,17-03-2017,1813571,(not set),1,0,0
255,17-03-2017,1813921,LYF,1,0,0
256,17-03-2017,1813981,Motorola,1,0,0
257,17-03-2017,1814031,Xiaomi,1,0,0
258,17-03-2017,1814101,Asus,1,0,0
259,17-03-2017,1814191,Motorola,1,0,0
260,17-03-2017,1814281,Gionee,1,0,0
261,17-03-2017,1814301,OnePlus,1,0,0
262,17-03-2017,1814441,Obi,1,0,0
263,17-03-2017,1814451,Xiaomi,1,0,0
264,17-03-2017,1814521,Asus,1,0,0
265,17-03-2017,1814551,Samsung,1,0,0
266,17-03-2017,1814921,YU,1,0,0
267,17-03-2017,1815021,LeEco,1,0,0
268,17-03-2017,1815181,Xiaomi,1,0,0
269,17-03-2017,1815301,Xiaomi,1,0,0
270,17-03-2017,1815321,(not set),1,0,0
271,17-03-2017,1815361,Motorola,1,0,0
272,17-03-2017,1815371,Xiaomi,1,0,0
273,17-03-2017,1815511,Motorola,1,1,0
274,17-03-2017,1815521,Xiaomi,1,0,0
275,17-03-2017,1815591,Samsung,1,0,0
276,17-03-2017,1815901,Xiaomi,1,0,0
277,17-03-2017,1815971,Coolpad,1,0,0
278,17-03-2017,1815981,Vivo,1,0,0
279,17-03-2017,1816191,iBall,1,0,0
280,17-03-2017,1816371,Samsung,1,0,0
281,17-03-2017,1816441,Xiaomi,1,0,0
282,17-03-2017,1816461,LYF,1,0,0
283,17-03-2017,1816531,Xiaomi,1,0,0
284,17-03-2017,1816571,Xiaomi,1,0,0
285,17-03-2017,1816791,Motorola,1,1,0
286,17-03-2017,1816861,Xiaomi,1,0,0
287,17-03-2017,1816891,Xiaomi,1,0,0
288,17-03-2017,1816961,HTC,1,0,0
289,17-03-2017,1817391,OnePlus,1,0,0
290,17-03-2017,1817681,Samsung,1,0,0
291,17-03-2017,1817971,Lenovo,1,0,0
292,17-03-2017,1818351,Xiaomi,1,0,0
293,17-03-2017,1818411,Xiaomi,1,0,0
294,17-03-2017,1818471,Xiaomi,1,0,0
295,17-03-2017,1818531,Xiaomi,1,0,0
296,17-03-2017,1818721,Micromax,1,0,0
297,17-03-2017,1818761,Xiaomi,1,0,0
298,17-03-2017,1818811,Xiaomi,1,0,0
299,17-03-2017,1818971,Samsung,1,0,0
300,17-03-2017,1819111,Xiaomi,1,0,0
301,17-03-2017,1819141,YU,1,0,0
302,17-03-2017,1819241,OPPO,1,0,0
303,17-03-2017,1819251,Lenovo,1,0,0
304,17-03-2017,1819261,Xiaomi,1,0,0
305,17-03-2017,1819301,OPPO,1,0,0
306,17-03-2017,1819321,OnePlus,1,0,0
307,17-03-2017,1819391,Samsung,1,0,0
308,17-03-2017,1819401,Xiaomi,1,0,0
309,17-03-2017,1819501,Lenovo,1,0,0
310,17-03-2017,1819581,Xiaomi,1,0,0
311,17-03-2017,1819741,Xiaomi,1,0,0
312,17-03-2017,1820051,(not set),1,0,0
313,17-03-2017,1820081,Micromax,1,0,0
314,17-03-2017,1820091,Sony,1,1,0
315,17-03-2017,1820401,Vivo,1,0,0
316,17-03-2017,1820411,Xiaomi,1,0,0
317,17-03-2017,1820441,Micromax,1,0,0
318,17-03-2017,1820461,(not set),1,0,0
319,17-03-2017,1820501,OnePlus,1,0,0
320,17-03-2017,1820631,Xiaomi,1,0,0
321,17-03-2017,1820681,Xiaomi,1,0,0
322,17-03-2017,1820691,Coolpad,1,0,0
323,17-03-2017,1820841,Samsung,1,0,0
324,17-03-2017,1820881,Huawei,1,0,0
325,17-03-2017,1821171,Xiaomi,1,0,0
326,17-03-2017,1821201,Xiaomi,1,0,0
327,17-03-2017,1821401,Lenovo,1,0,0
328,17-03-2017,1821421,Xiaomi,1,0,0
329,17-03-2017,1821431,LYF,1,0,0
330,17-03-2017,1822171,Lenovo,1,0,0
331,17-03-2017,1822281,Apple,1,0,0
332,17-03-2017,1822501,Vivo,1,0,0
333,17-03-2017,1822871,LeTV,1,0,0
334,17-03-2017,1823031,Xiaomi,1,0,0
335,17-03-2017,1823131,Xiaomi,1,0,0
336,17-03-2017,1823191,Xiaomi,1,0,0
337,17-03-2017,1823431,Xiaomi,1,0,0
338,17-03-2017,1823671,Xiaomi,1,0,0
339,17-03-2017,1823701,Lenovo,1,0,0
340,17-03-2017,1823821,Lenovo,1,0,0
341,17-03-2017,1824031,Motorola,1,0,0
342,17-03-2017,1824071,Apple,1,0,0
343,17-03-2017,1824261,Motorola,1,0,0
344,17-03-2017,1824351,Xiaomi,1,1,0
345,17-03-2017,1824411,Samsung,1,0,0
346,17-03-2017,1824461,Samsung,1,0,0
347,17-03-2017,1825361,Xiaomi,1,0,0
348,17-03-2017,1825421,(not set),1,0,0
349,17-03-2017,1825551,Xiaomi,1,0,0
350,17-03-2017,1825621,Lenovo,1,0,0
351,17-03-2017,1825701,(not set),1,0,0
352,17-03-2017,1825721,LYF,1,0,0
353,17-03-2017,1826381,Xiaomi,1,0,0
354,17-03-2017,1826481,Samsung,1,0,0
355,17-03-2017,1826661,Samsung,1,0,0
356,17-03-2017,1826811,Xiaomi,1,0,0
357,17-03-2017,1828041,Xiaomi,1,0,0
358,17-03-2017,1828061,Xiaomi,1,0,0
359,17-03-2017,1828071,OPPO,1,0,0
360,17-03-2017,1828141,Xiaomi,1,0,0
361,17-03-2017,1828211,HTC,1,0,0
362,17-03-2017,1828231,Xiaomi,1,0,0
363,17-03-2017,1828261,Xiaomi,1,1,0
364,17-03-2017,1828291,Xiaomi,1,0,0
365,17-03-2017,1828331,Xiaomi,1,0,0
366,17-03-2017,1828401,Xiaomi,1,0,0
367,17-03-2017,1828521,Motorola,1,0,0
368,17-03-2017,1828591,Samsung,1,0,0
369,17-03-2017,1828611,Xiaomi,1,0,0
370,17-03-2017,1828621,Samsung,1,0,0
371,17-03-2017,1828651,Xiaomi,1,0,0
372,17-03-2017,1828701,Xiaomi,1,0,0
373,17-03-2017,1828711,Karbonn,1,0,0
374,17-03-2017,1828781,Microsoft,1,0,0
375,17-03-2017,1828811,Vivo,1,0,0
376,17-03-2017,1828851,Motorola,1,0,0
377,17-03-2017,1828871,Xiaomi,1,0,0
378,17-03-2017,1828881,Motorola,1,0,0
379,17-03-2017,1829011,OnePlus,1,0,0
380,17-03-2017,1829071,(not set),1,0,0
381,17-03-2017,1829081,Samsung,1,0,0
382,17-03-2017,1829121,Samsung,1,0,0
383,17-03-2017,1829191,Apple,1,0,0
384,17-03-2017,1829501,Xiaomi,1,0,0
385,17-03-2017,1829531,Samsung,1,0,0
386,17-03-2017,1829651,(not set),1,0,0
387,17-03-2017,1829701,Xiaomi,1,0,0
388,17-03-2017,1829771,Lenovo,1,0,0
389,17-03-2017,1829831,Xiaomi,1,0,0
390,17-03-2017,1830001,Asus,1,0,0
391,17-03-2017,1830051,Apple,1,0,0
392,17-03-2017,1830151,OPPO,1,0,0
393,17-03-2017,1830181,OnePlus,1,0,0
394,17-03-2017,1830211,OnePlus,1,0,0
395,17-03-2017,1830261,Xiaomi,1,0,0
396,17-03-2017,1830351,Gionee,1,0,0
397,17-03-2017,1830411,Xiaomi,1,0,0
398,17-03-2017,1830431,Huawei,1,0,0
399,17-03-2017,1830581,Huawei,1,0,0
400,17-03-2017,1830611,Xiaomi,1,0,0
401,17-03-2017,1830621,YU,1,0,0
402,17-03-2017,1830761,Lenovo,1,0,0
403,17-03-2017,1830851,Xiaomi,1,0,0
404,17-03-2017,1830901,Motorola,1,0,0
405,17-03-2017,1830931,Xiaomi,1,0,0
406,17-03-2017,1830981,Motorola,1,0,0
407,17-03-2017,1831151,Lenovo,1,0,0
408,17-03-2017,1831251,(not set),1,0,0
409,17-03-2017,1831321,Lenovo,1,0,0
410,17-03-2017,1831411,Xiaomi,1,0,0
411,17-03-2017,1831441,Coolpad,1,0,0
412,17-03-2017,1831531,Gionee,1,0,0
413,17-03-2017,1831621,Google,1,0,0
414,17-03-2017,1831701,Motorola,1,0,0
415,17-03-2017,1831711,OnePlus,1,0,0
416,17-03-2017,1831801,Xolo,1,0,0
417,17-03-2017,1832271,Apple,1,0,0
418,17-03-2017,1832541,Xiaomi,1,0,0
419,17-03-2017,1832571,Xiaomi,1,0,0
420,17-03-2017,1832661,Spice,1,0,0
421,17-03-2017,1832861,Apple,1,0,0
422,17-03-2017,1832961,Xiaomi,1,0,0
423,17-03-2017,1833051,Samsung,1,0,0
424,17-03-2017,1833061,Motorola,1,0,0
425,17-03-2017,1833121,Xiaomi,1,0,0
426,17-03-2017,1833131,Xiaomi,1,0,0
427,17-03-2017,1833141,Micromax,1,0,0
428,17-03-2017,1833151,(not set),1,0,0
429,17-03-2017,1833171,Xiaomi,1,0,0
430,17-03-2017,1833191,LYF,1,0,0
431,17-03-2017,1833211,Xiaomi,1,0,0
432,17-03-2017,1833301,Motorola,1,0,0
433,17-03-2017,1833501,Xiaomi,1,0,0
434,17-03-2017,1833621,InFocus,1,0,0
435,17-03-2017,1833771,Xiaomi,1,0,0
436,17-03-2017,1833961,Samsung,1,0,0
437,17-03-2017,1834011,Xiaomi,1,0,0
438,17-03-2017,1834321,Xiaomi,1,0,0
439,17-03-2017,1834391,Motorola,1,0,0
440,17-03-2017,1834411,Xiaomi,1,0,0
441,17-03-2017,1834481,Lenovo,1,0,0
442,17-03-2017,1834651,Xiaomi,1,0,0
443,17-03-2017,1834671,Motorola,1,0,0
444,17-03-2017,1834781,Motorola,1,0,0
445,17-03-2017,1834821,Samsung,1,1,0
446,17-03-2017,1834891,Xiaomi,1,0,0
447,17-03-2017,1834921,Xiaomi,1,0,0
448,17-03-2017,1835031,YU,1,0,0
449,17-03-2017,1835051,(not set),1,0,0
450,17-03-2017,1835061,Xiaomi,1,0,0
451,17-03-2017,1835421,Huawei,1,0,0
452,17-03-2017,1835431,LYF,1,0,0
453,17-03-2017,1835611,Samsung,1,0,0
454,17-03-2017,1835741,OnePlus,1,0,0
455,17-03-2017,1835931,LeTV,1,0,0
456,17-03-2017,1835941,Xiaomi,1,0,0
457,17-03-2017,1835961,Samsung,1,0,0
458,17-03-2017,1836061,Motorola,1,1,0
459,17-03-2017,1836111,Xiaomi,1,0,0
460,17-03-2017,1836331,Lenovo,1,0,0
461,17-03-2017,1836361,Xiaomi,1,0,0
462,17-03-2017,1836481,HTC,1,0,0
463,17-03-2017,1836541,Apple,1,0,0
464,17-03-2017,1836551,Xiaomi,1,1,0
465,17-03-2017,1836561,Motorola,1,0,0
466,17-03-2017,1836681,Asus,1,0,0
467,17-03-2017,1836751,Asus,1,0,0
468,17-03-2017,1836791,Coolpad,1,1,0
469,17-03-2017,1836811,Lenovo,1,0,0
470,17-03-2017,1836841,Xiaomi,1,0,0
471,17-03-2017,1837011,Vivo,1,2,0
472,17-03-2017,1837061,OnePlus,1,0,0
473,17-03-2017,1837091,Asus,1,0,0
474,17-03-2017,1837101,Nokia,1,0,0
475,17-03-2017,1837121,Asus,1,0,0
476,17-03-2017,1837291,Samsung,1,0,0
477,17-03-2017,1837471,Asus,1,0,0
478,17-03-2017,1837671,Samsung,1,0,0
479,17-03-2017,1837721,HTC,1,0,0
480,17-03-2017,1837791,Xiaomi,1,0,0
481,17-03-2017,1837871,Micromax,1,0,0
482,17-03-2017,1837971,Xiaomi,1,0,0
483,17-03-2017,1838111,Sony,1,0,0
484,17-03-2017,1838131,Acer,1,0,0
485,17-03-2017,1838251,Micromax,1,0,0
486,17-03-2017,1838301,Xiaomi,1,0,0
487,17-03-2017,1838521,Panasonic,1,0,0
488,17-03-2017,1838611,Intex,1,0,0
489,17-03-2017,1838651,Asus,1,0,0
490,17-03-2017,1838731,Apple,1,0,0
491,17-03-2017,1838891,Xiaomi,1,0,0
492,17-03-2017,1839021,Xiaomi,1,0,0
493,17-03-2017,1839041,Samsung,1,0,0
494,17-03-2017,1839051,Xiaomi,1,0,0
495,17-03-2017,1839101,YU,1,0,0
496,17-03-2017,1839111,Samsung,1,0,0
497,17-03-2017,1839131,OPPO,1,0,0
498,17-03-2017,1839261,Karbonn,1,0,0
499,17-03-2017,1839281,Xiaomi,1,0,0
500,17-03-2017,1839291,Xiaomi,1,0,0
501,17-03-2017,1839351,Xiaomi,1,0,0
502,17-03-2017,1839401,Xiaomi,1,0,0
503,17-03-2017,1839571,Motorola,1,0,0
504,17-03-2017,1839611,Gionee,1,0,0
505,17-03-2017,1840001,Xiaomi,1,0,0
506,17-03-2017,1840461,Lenovo,1,0,0
507,17-03-2017,1840541,Xiaomi,1,0,0
508,17-03-2017,1840711,iNew,1,0,0
509,17-03-2017,1840731,Xiaomi,1,0,0
510,17-03-2017,1840781,Xiaomi,1,0,0
511,17-03-2017,1840861,Micromax,1,0,0
512,17-03-2017,1841071,Intex,1,0,0
513,17-03-2017,1841121,Lenovo,1,0,0
514,17-03-2017,1841371,Asus,1,0,0
515,17-03-2017,1841391,Coolpad,1,0,0
516,17-03-2017,1841521,Xiaomi,1,1,0
517,17-03-2017,1841581,Xiaomi,1,0,0
518,17-03-2017,1841671,Microsoft,1,0,0
519,17-03-2017,1841741,Motorola,1,0,0
520,17-03-2017,1841771,Huawei,1,0,0
521,17-03-2017,1841831,Google,1,0,0
522,17-03-2017,1841941,Amazon,1,0,0
523,17-03-2017,1841951,Gionee,1,0,0
524,17-03-2017,1841961,Sony,1,0,0
525,17-03-2017,1841981,InFocus,1,0,0
526,17-03-2017,1842011,OPPO,1,0,0
527,17-03-2017,1842071,Motorola,1,0,0
528,17-03-2017,1842111,Lenovo,1,0,0
529,17-03-2017,1842131,Xiaomi,1,0,0
530,17-03-2017,1842171,(not set),1,0,0
531,17-03-2017,1842181,(not set),1,0,0
532,17-03-2017,1842231,Xiaomi,1,0,0
533,17-03-2017,1842351,Asus,1,0,0
534,17-03-2017,1842401,Lenovo,1,0,0
535,17-03-2017,1842501,Xiaomi,1,0,0
536,17-03-2017,1842521,(not set),1,0,0
537,17-03-2017,1842631,Samsung,1,0,0
538,17-03-2017,1842651,Samsung,1,1,0
539,17-03-2017,1842691,Sony,1,0,0
540,17-03-2017,1842721,(not set),1,0,0
541,17-03-2017,1842921,Xiaomi,1,0,0
542,17-03-2017,1842961,LeTV,1,0,0
543,17-03-2017,1843041,LeTV,1,0,0
544,17-03-2017,1843121,(not set),1,0,0
545,17-03-2017,1843301,HTC,1,0,0
546,17-03-2017,1843351,Google,1,0,0
547,17-03-2017,1843421,Xiaomi,1,0,0
548,17-03-2017,1843511,Xiaomi,1,0,0
549,17-03-2017,1843521,Motorola,1,0,0
550,17-03-2017,1843811,Samsung,1,0,0
551,17-03-2017,1843851,YU,1,0,0
552,17-03-2017,1843921,Xiaomi,1,0,0
553,17-03-2017,1844001,Samsung,1,0,0
554,17-03-2017,1844271,Xiaomi,1,0,0
555,17-03-2017,1844371,Google,1,0,0
556,17-03-2017,1844401,Motorola,1,0,0
557,17-03-2017,1844441,YU,1,0,0
558,17-03-2017,1844461,OnePlus,1,0,0
559,17-03-2017,1844541,LeTV,1,0,0
560,17-03-2017,1844611,Xiaomi,1,0,0
561,17-03-2017,1844631,Acer,1,0,0
562,17-03-2017,1844651,(not set),1,0,0
563,17-03-2017,1844701,Xiaomi,1,0,0
564,17-03-2017,1844791,OnePlus,1,0,0
565,17-03-2017,1844801,Motorola,1,0,0
566,17-03-2017,1844821,Xiaomi,1,0,0
567,17-03-2017,1844831,iZoom,1,0,0
568,17-03-2017,1844991,LeTV,1,0,0
569,17-03-2017,1845081,Xiaomi,1,0,0
570,17-03-2017,1845151,Xiaomi,1,0,0
571,17-03-2017,1845341,Karbonn,1,0,0
572,17-03-2017,1845521,Xiaomi,1,0,0
573,17-03-2017,1845571,Xiaomi,1,0,0
574,17-03-2017,1845611,Micromax,1,0,0
575,17-03-2017,1845631,Samsung,1,0,0
576,17-03-2017,1845641,Apple,1,0,0
577,17-03-2017,1845651,Motorola,1,0,0
578,17-03-2017,1845661,Motorola,1,0,0
579,17-03-2017,1845681,Xiaomi,1,0,0
580,17-03-2017,1845721,Xiaomi,1,0,0
581,17-03-2017,1845741,(not set),1,0,0
582,17-03-2017,1845771,LYF,1,0,0
583,17-03-2017,1845991,Lenovo,1,0,0
584,17-03-2017,1846221,Xiaomi,1,0,0
585,17-03-2017,1846311,(not set),1,0,0
586,17-03-2017,1846351,Xiaomi,1,0,0
587,17-03-2017,1846671,Motorola,1,0,0
588,17-03-2017,1846691,(not set),1,0,0
589,17-03-2017,1846911,Micromax,1,0,0
590,17-03-2017,1846921,Panasonic,1,0,0
591,17-03-2017,1847141,Xiaomi,1,0,0
592,17-03-2017,1847381,Xiaomi,1,0,0
593,17-03-2017,1847481,Motorola,1,0,0
594,17-03-2017,1847501,Huawei,1,0,0
595,17-03-2017,1847511,Apple,1,0,0
596,17-03-2017,1847521,Samsung,1,0,0
597,17-03-2017,1847661,(not set),1,0,0
598,17-03-2017,1847761,Asus,1,0,0
599,17-03-2017,1847871,Xiaomi,1,0,0
600,17-03-2017,1847921,Xolo,1,0,0
601,17-03-2017,1848091,Xiaomi,1,0,0
602,17-03-2017,1848231,Lenovo,1,0,0
603,17-03-2017,1848291,Xiaomi,1,0,0
604,17-03-2017,1848311,Samsung,1,0,0
605,17-03-2017,1848341,Apple,1,0,0
606,17-03-2017,1848391,Sony,1,0,0
607,17-03-2017,1848421,Xiaomi,1,0,0
608,17-03-2017,1848571,Sony,1,0,0
609,17-03-2017,1848581,Spice,1,0,0
610,17-03-2017,1848691,(not set),1,0,0
611,17-03-2017,1848741,Apple,1,0,0
612,17-03-2017,1849071,Motorola,1,0,0
613,17-03-2017,1849191,Motorola,1,0,0
614,17-03-2017,1849221,Motorola,1,0,0
615,17-03-2017,1849381,Xiaomi,1,0,0
616,17-03-2017,1849481,Lava,1,0,0
617,17-03-2017,1849531,Xiaomi,1,0,0
618,17-03-2017,1849641,OnePlus,1,0,0
619,17-03-2017,1849781,Nokia,1,0,0
620,17-03-2017,1849801,YU,1,0,0
621,17-03-2017,1849901,Xiaomi,1,0,0
622,17-03-2017,1850021,Motorola,1,0,0
623,17-03-2017,1850101,OPPO,1,0,0
624,17-03-2017,1850111,Lenovo,1,0,0
625,17-03-2017,1850121,Motorola,1,0,0
626,17-03-2017,1850151,Lenovo,1,0,0
627,17-03-2017,1850261,Xiaomi,1,0,0
628,17-03-2017,1850351,LeEco,1,0,0
629,17-03-2017,1850431,Lenovo,1,1,0
630,17-03-2017,1850521,YU,1,0,0
631,17-03-2017,1850621,Samsung,1,0,0
632,17-03-2017,1850661,Xiaomi,1,0,0
633,17-03-2017,1850701,Xiaomi,1,0,0
634,17-03-2017,1850771,Xiaomi,1,0,0
635,17-03-2017,1850821,(not set),1,0,0
636,17-03-2017,1850831,Lenovo,1,0,0
637,17-03-2017,1850931,Motorola,1,0,0
638,17-03-2017,1851011,Lenovo,1,0,0
639,17-03-2017,1851131,Sony,1,0,0
640,17-03-2017,1851161,Xiaomi,1,0,0
641,17-03-2017,1851411,Samsung,1,0,0
642,17-03-2017,1851471,Xiaomi,1,0,0
643,17-03-2017,1851531,YU,1,0,0
644,17-03-2017,1851581,Xiaomi,1,0,0
645,17-03-2017,1851591,Samsung,1,0,0
646,17-03-2017,1851691,YU,1,0,0
647,17-03-2017,1851701,Micromax,1,0,0
648,17-03-2017,1851801,Lenovo,1,0,0
649,17-03-2017,1851901,InFocus,1,0,0
650,17-03-2017,1851961,Samsung,1,0,0
651,17-03-2017,1852021,Motorola,1,0,0
652,17-03-2017,1852141,Micromax,1,0,0
653,17-03-2017,1852191,Xiaomi,1,0,0
654,17-03-2017,1852281,Samsung,1,0,0
655,17-03-2017,1852301,OnePlus,1,0,0
656,17-03-2017,1852441,Xiaomi,1,0,0
657,17-03-2017,1852451,OPPO,1,0,0
658,17-03-2017,1852581,Xiaomi,1,0,0
659,17-03-2017,1852731,Coolpad,1,0,0
660,17-03-2017,1852741,YU,1,0,0
661,17-03-2017,1852751,Lenovo,1,0,0
662,17-03-2017,1852761,Micromax,1,0,0
663,17-03-2017,1852821,Xiaomi,1,0,0
664,17-03-2017,1852831,Asus,1,0,0
665,17-03-2017,1852871,Motorola,1,0,0
666,17-03-2017,1852901,Xiaomi,1,0,0
667,17-03-2017,1853031,Xiaomi,1,1,0
668,17-03-2017,1853131,(not set),1,0,0
669,17-03-2017,1853141,Karbonn,1,0,0
670,17-03-2017,1853151,Huawei,1,0,0
671,17-03-2017,1853171,Xiaomi,1,0,0
672,17-03-2017,1853311,OnePlus,1,0,0
673,17-03-2017,1853431,Micromax,1,0,0
674,17-03-2017,1853511,Lenovo,1,0,0
675,17-03-2017,1853531,OPPO,1,0,0
676,17-03-2017,1853541,Motorola,1,0,0
677,17-03-2017,1853611,Xiaomi,1,0,0
678,17-03-2017,1853631,Xiaomi,1,0,0
679,17-03-2017,1853641,Lenovo,1,0,0
680,17-03-2017,1853681,Apple,1,0,0
681,17-03-2017,1853721,Lenovo,1,0,0
682,17-03-2017,1853741,iNew,1,0,0
683,17-03-2017,1853821,Samsung,1,0,0
684,17-03-2017,1853941,LYF,1,0,0
685,17-03-2017,1853951,Samsung,1,0,0
686,17-03-2017,1854041,Huawei,1,0,0
687,17-03-2017,1854071,Xiaomi,1,0,0
688,17-03-2017,1854081,(not set),1,0,0
689,17-03-2017,1854101,Samsung,1,0,0
690,17-03-2017,1854151,LYF,1,0,0
691,17-03-2017,1854161,(not set),1,0,0
692,17-03-2017,1854191,Lenovo,1,0,0
693,17-03-2017,1854201,Samsung,1,0,0
694,17-03-2017,1854221,Asus,1,0,0
695,17-03-2017,1854231,Micromax,1,0,0
696,17-03-2017,1854251,Micromax,1,0,0
697,17-03-2017,1854261,Lenovo,1,0,0
698,17-03-2017,1854301,Lenovo,1,0,0
699,17-03-2017,1854321,Lenovo,1,0,0
700,17-03-2017,1854331,(not set),1,0,0
701,17-03-2017,1854451,LeEco,1,0,0
702,17-03-2017,1854481,Gionee,1,0,0
703,17-03-2017,1854501,Asus,1,0,0
704,17-03-2017,1854731,Asus,1,0,0
705,17-03-2017,1854801,Xiaomi,1,0,0
706,17-03-2017,1854811,Samsung,1,0,0
707,17-03-2017,1854821,LeTV,1,0,0
708,17-03-2017,1854991,Apple,1,0,0
709,17-03-2017,1855011,OPPO,1,0,0
710,17-03-2017,1855031,Lenovo,1,0,0
711,17-03-2017,1855071,Xiaomi,1,0,0
712,17-03-2017,1855081,Xiaomi,1,0,0
713,17-03-2017,1855111,Samsung,1,0,0
714,17-03-2017,1855161,Asus,1,0,0
715,17-03-2017,1855181,Xiaomi,1,0,0
716,17-03-2017,1855201,Xiaomi,1,0,0
717,17-03-2017,1855251,Micromax,1,0,0
718,17-03-2017,1855291,(not set),1,0,0
719,17-03-2017,1855321,Apple,1,0,0
720,17-03-2017,1855401,Motorola,1,0,0
721,17-03-2017,1855471,Xiaomi,1,0,0
722,17-03-2017,1855521,Xiaomi,1,0,0
723,17-03-2017,1855671,(not set),1,0,0
724,17-03-2017,1855761,Samsung,1,0,0
725,17-03-2017,1855801,Huawei,1,0,0
726,17-03-2017,1855831,Apple,1,0,0
727,17-03-2017,1855881,Samsung,1,0,0
728,17-03-2017,1855961,Xiaomi,1,0,0
729,17-03-2017,1855991,Xiaomi,1,0,0
730,17-03-2017,1856211,Sony,1,0,0
731,17-03-2017,1856221,Motorola,1,0,0
732,17-03-2017,1856321,Sony,1,0,0
733,17-03-2017,1856471,Samsung,1,0,0
734,17-03-2017,1856481,Xiaomi,1,0,0
735,17-03-2017,1856511,LeTV,1,0,0
736,17-03-2017,1856591,OnePlus,1,0,0
737,17-03-2017,1856611,OnePlus,1,0,0
738,17-03-2017,1856651,YU,1,0,0
739,17-03-2017,1856671,Lava,1,0,0
740,17-03-2017,1856691,(not set),1,0,0
741,17-03-2017,1856851,Samsung,1,0,0
742,17-03-2017,1856881,Xiaomi,1,0,0
743,17-03-2017,1856911,Samsung,1,0,0
744,17-03-2017,1856981,Xiaomi,1,0,0
745,17-03-2017,1857021,Motorola,1,0,0
746,17-03-2017,1857061,Lenovo,1,0,0
747,17-03-2017,1857151,Coolpad,1,0,0
748,17-03-2017,1857161,Xiaomi,1,0,0
749,17-03-2017,1857211,(not set),1,1,0
750,17-03-2017,1857221,Motorola,1,0,0
751,17-03-2017,1857231,OnePlus,1,0,0
752,17-03-2017,1857281,Xiaomi,1,0,0
753,17-03-2017,1857291,OnePlus,1,0,0
754,17-03-2017,1857361,Xiaomi,1,0,0
755,17-03-2017,1857441,Xiaomi,1,0,0
756,17-03-2017,1857481,Apple,1,0,0
757,17-03-2017,1857561,SonyEricsson,1,0,0
758,17-03-2017,1857571,Coolpad,1,0,0
759,17-03-2017,1857601,InFocus,1,0,0
760,17-03-2017,1857661,Karbonn,1,0,0
761,17-03-2017,1857751,Samsung,1,0,0
762,17-03-2017,1857761,Huawei,1,0,0
763,17-03-2017,1857831,Samsung,1,0,0
764,17-03-2017,1857921,YU,1,0,0
765,17-03-2017,1858011,Apple,1,0,0
766,17-03-2017,1858021,Xiaomi,1,0,0
767,17-03-2017,1858041,Xiaomi,1,0,0
768,17-03-2017,1858061,(not set),1,0,0
769,17-03-2017,1858201,Motorola,1,0,0
770,17-03-2017,1858281,YU,1,0,0
771,17-03-2017,1858321,Xiaomi,1,0,0
772,17-03-2017,1858511,Microsoft,1,0,0
773,17-03-2017,1858521,Motorola,1,0,0
774,17-03-2017,1858591,LeTV,1,0,0
775,17-03-2017,1858611,Samsung,1,0,0
776,17-03-2017,1858661,Xiaomi,1,0,0
777,17-03-2017,1858811,Gionee,1,0,0
778,17-03-2017,1859131,Samsung,1,0,0
779,17-03-2017,1859191,(not set),1,0,0
780,17-03-2017,1859251,Motorola,1,0,0
781,17-03-2017,1859451,Motorola,1,0,0
782,17-03-2017,1859461,Samsung,1,0,0
783,17-03-2017,1859551,Apple,1,0,0
784,17-03-2017,1859561,Xiaomi,1,1,0
785,17-03-2017,1859641,Xiaomi,1,0,0
786,17-03-2017,1859661,Xiaomi,1,0,0
787,17-03-2017,1859751,Samsung,1,0,0
788,17-03-2017,1859841,Lenovo,1,0,0
789,17-03-2017,1859871,Motorola,1,0,0
790,17-03-2017,1860031,Lenovo,1,0,0
791,17-03-2017,1860151,LYF,1,0,0
792,17-03-2017,1860171,Xiaomi,1,0,0
793,17-03-2017,1860221,Samsung,1,0,0
794,17-03-2017,1860231,Motorola,1,0,0
795,17-03-2017,1860251,Xiaomi,1,0,0
796,17-03-2017,1860261,Samsung,1,0,0
797,17-03-2017,1860461,Xiaomi,1,0,0
798,17-03-2017,1860501,Xiaomi,1,0,0
799,17-03-2017,1860841,Xiaomi,1,0,0
800,17-03-2017,1860951,Motorola,1,0,0
801,17-03-2017,1861071,Lenovo,1,0,0
802,17-03-2017,1861291,Xiaomi,1,0,0
803,17-03-2017,1861701,Xiaomi,1,0,0
804,17-03-2017,1861761,OnePlus,1,0,0
805,17-03-2017,1862091,YU,1,0,0
806,17-03-2017,1862401,Samsung,1,0,0
807,17-03-2017,1862701,Xiaomi,1,0,0
808,17-03-2017,1862731,Sony,1,0,0
809,17-03-2017,1862771,Lenovo,1,0,0
810,17-03-2017,1862781,Samsung,1,0,0
811,17-03-2017,1862891,Panasonic,1,1,0
812,17-03-2017,1862931,Xiaomi,1,0,0
813,17-03-2017,1863141,Asus,1,0,0
814,17-03-2017,1863311,(not set),1,0,0
815,17-03-2017,1863331,Samsung,1,0,0
816,17-03-2017,1863361,Xiaomi,1,1,0
817,17-03-2017,1863521,Motorola,1,0,0
818,17-03-2017,1863531,HTC,1,0,0
819,17-03-2017,1863711,Micromax,1,0,0
820,17-03-2017,1863721,Apple,1,0,0
821,17-03-2017,1863731,Micromax,1,0,0
822,17-03-2017,1863841,Lenovo,1,0,0
823,17-03-2017,1864021,Xiaomi,1,0,0
824,17-03-2017,1864051,Xiaomi,1,0,0
825,17-03-2017,1864151,Samsung,1,0,0
826,17-03-2017,1864341,Samsung,1,0,0
827,17-03-2017,1864361,Lenovo,1,1,0
828,17-03-2017,1864401,Lenovo,1,0,0
829,17-03-2017,1864421,Lenovo,1,0,0
830,17-03-2017,1864441,Samsung,1,0,0
831,17-03-2017,1864611,Samsung,1,0,0
832,17-03-2017,1864731,Xiaomi,1,0,0
833,17-03-2017,1864761,LeTV,1,0,0
834,17-03-2017,1864771,LYF,1,0,0
835,17-03-2017,1864811,LeTV,1,0,0
836,17-03-2017,1864871,Xiaomi,1,0,0
837,17-03-2017,1864931,Asus,1,0,0
838,17-03-2017,1865231,Xiaomi,1,0,0
839,17-03-2017,1865241,Xiaomi,1,0,0
840,17-03-2017,1865271,Lenovo,1,0,0
841,17-03-2017,1865311,Xiaomi,1,0,0
842,17-03-2017,1865331,Xiaomi,1,0,0
843,17-03-2017,1865461,Coolpad,1,0,0
844,17-03-2017,1865481,Samsung,1,0,0
845,17-03-2017,1865631,Intex,1,0,0
846,17-03-2017,1865691,Xiaomi,1,0,0
847,17-03-2017,1865741,Xiaomi,1,0,0
848,17-03-2017,1865761,Motorola,1,0,0
849,17-03-2017,1865781,HTC,1,0,0
850,17-03-2017,1865841,Xolo,1,0,0
851,17-03-2017,1866041,Apple,1,0,0
852,17-03-2017,1866121,Lenovo,1,0,0
853,17-03-2017,1866131,Xiaomi,1,0,0
854,17-03-2017,1866141,Vivo,1,0,0
855,17-03-2017,1866221,Motorola,1,0,0
856,17-03-2017,1866291,Xiaomi,1,0,0
857,17-03-2017,1866321,Motorola,1,0,0
858,17-03-2017,1866351,Xiaomi,1,1,0
859,17-03-2017,1866401,Lenovo,1,0,0
860,17-03-2017,1866421,Google,1,0,0
861,17-03-2017,1866451,Xiaomi,1,0,0
862,17-03-2017,1866471,Xiaomi,1,0,0
863,17-03-2017,1866611,Intex,1,0,0
864,17-03-2017,1866661,Samsung,1,0,0
865,17-03-2017,1866731,Xiaomi,1,0,0
866,17-03-2017,1866961,Xiaomi,1,0,0
867,17-03-2017,1867181,Coolpad,1,0,0
868,17-03-2017,1867291,Xiaomi,1,0,0
869,17-03-2017,1867301,OnePlus,1,0,0
870,17-03-2017,1867721,Micromax,1,0,0
871,17-03-2017,1867861,Xiaomi,1,0,0
872,17-03-2017,1867911,Asus,1,0,0
873,17-03-2017,1868011,Xiaomi,1,0,0
874,17-03-2017,1868211,Xiaomi,1,0,0
875,17-03-2017,1868491,Xiaomi,1,0,0
876,17-03-2017,1868531,LYF,1,0,0
877,17-03-2017,1868551,Xiaomi,1,0,0
878,17-03-2017,1868631,SonyEricsson,1,0,0
879,17-03-2017,1868691,Spice,1,0,0
880,17-03-2017,1868891,HTC,1,0,0
881,17-03-2017,1868971,YU,1,0,0
882,17-03-2017,1868981,Xiaomi,1,0,0
883,17-03-2017,1869171,Samsung,1,0,0
884,17-03-2017,1869251,Xiaomi,1,0,0
885,17-03-2017,1869401,Samsung,1,0,0
886,17-03-2017,1869421,Samsung,1,0,0
887,17-03-2017,1869431,YU,1,0,0
888,17-03-2017,1869481,HTC,1,0,0
889,17-03-2017,1869491,Panasonic,1,0,0
890,17-03-2017,1869731,Apple,1,0,0
891,17-03-2017,1869831,HTC,1,0,0
892,17-03-2017,1869841,Xiaomi,1,0,0
893,17-03-2017,1869851,Asus,1,2,0
894,17-03-2017,1869901,LYF,1,0,0
895,17-03-2017,1869941,Xiaomi,1,0,0
896,17-03-2017,1870051,Samsung,1,0,0
897,17-03-2017,1870111,Motorola,1,0,0
898,17-03-2017,1870151,Samsung,1,0,0
899,17-03-2017,1870171,Motorola,1,0,0
900,17-03-2017,1870191,Xolo,1,0,0
901,17-03-2017,1870351,Samsung,1,0,0
902,17-03-2017,1870361,Gionee,1,0,0
903,17-03-2017,1870441,Samsung,1,0,0
904,17-03-2017,1870611,LeTV,1,0,0
905,17-03-2017,1870641,Vivo,1,0,0
906,17-03-2017,1870681,Xiaomi,1,0,0
907,17-03-2017,1870711,(not set),1,0,0
908,17-03-2017,1870741,Nokia,1,0,0
909,17-03-2017,1870861,Xiaomi,1,0,0
910,17-03-2017,1870881,Micromax,1,0,0
911,17-03-2017,1871121,Lenovo,1,0,0
912,17-03-2017,1871251,Xiaomi,1,0,0
913,17-03-2017,1871261,Micromax,1,0,0
914,17-03-2017,1871291,Motorola,1,0,0
915,17-03-2017,1871411,(not set),1,0,0
916,17-03-2017,1871451,Xiaomi,1,0,0
917,17-03-2017,1871501,YU,1,0,0
918,17-03-2017,1871631,Gionee,1,0,0
919,17-03-2017,1871701,Xiaomi,1,0,0
920,17-03-2017,1871761,Xiaomi,1,0,0
921,17-03-2017,1871831,Xiaomi,1,0,0
922,17-03-2017,1871851,Xiaomi,1,0,0
923,17-03-2017,1871941,Samsung,1,0,0
924,17-03-2017,1871961,Xiaomi,1,0,0
925,17-03-2017,1872031,Apple,1,0,0
926,17-03-2017,1872101,Intex,1,0,0
927,17-03-2017,1872131,Xiaomi,1,0,0
928,17-03-2017,1872171,Xiaomi,1,0,0
929,17-03-2017,1872201,Xiaomi,1,0,0
930,17-03-2017,1872241,Samsung,1,1,0
931,17-03-2017,1872351,Xiaomi,1,0,0
932,17-03-2017,1872391,LeTV,1,0,0
933,17-03-2017,1872421,Xiaomi,1,0,0
934,17-03-2017,1872591,Lenovo,1,0,0
935,17-03-2017,1872701,Xiaomi,1,0,0
936,17-03-2017,1872721,Lenovo,1,0,0
937,17-03-2017,1872791,OnePlus,1,0,0
938,17-03-2017,1872831,Motorola,1,0,0
939,17-03-2017,1872841,Coolpad,1,0,0
940,17-03-2017,1872851,Samsung,1,0,0
941,17-03-2017,1872861,(not set),1,0,0
942,17-03-2017,1872871,Xiaomi,1,0,0
943,17-03-2017,1873141,Motorola,1,0,0
944,17-03-2017,1873161,Xiaomi,1,0,0
945,17-03-2017,1873171,Samsung,1,0,0
946,17-03-2017,1873201,OnePlus,1,0,0
947,17-03-2017,1873231,Motorola,1,0,0
948,17-03-2017,1873251,Xiaomi,1,0,0
949,17-03-2017,1873401,Samsung,1,0,0
950,17-03-2017,1873431,Lenovo,1,0,0
951,17-03-2017,1873451,Motorola,1,0,0
952,17-03-2017,1873491,Lenovo,1,1,0
953,17-03-2017,1873541,Gionee,1,0,0
954,17-03-2017,1873661,Xiaomi,1,0,0
955,17-03-2017,1873701,Xiaomi,1,0,0
956,17-03-2017,1873831,Apple,1,0,0
957,17-03-2017,1873891,Xiaomi,1,1,0
958,17-03-2017,1874081,LYF,1,0,0
959,17-03-2017,1874141,Xiaomi,1,0,0
960,17-03-2017,1874231,Lenovo,1,0,0
961,17-03-2017,1874311,(not set),1,0,0
962,17-03-2017,1874371,Xiaomi,1,0,0
963,17-03-2017,1874471,Lenovo,1,0,0
964,17-03-2017,1874691,Motorola,1,0,0
965,17-03-2017,1875051,(not set),1,0,0
966,17-03-2017,1875211,Motorola,1,0,0
967,17-03-2017,1875331,Samsung,1,0,0
968,17-03-2017,1875431,LeTV,1,0,0
969,17-03-2017,1875521,Motorola,1,0,0
970,17-03-2017,1875571,Xiaomi,1,0,0
971,17-03-2017,1875711,Apple,1,0,0
972,17-03-2017,1875751,Lenovo,1,0,0
973,17-03-2017,1875881,Lenovo,1,0,0
974,17-03-2017,1876011,YU,1,0,0
975,17-03-2017,1876311,Coolpad,1,0,0
976,17-03-2017,1876801,LYF,1,0,0
977,17-03-2017,1877011,Lenovo,1,0,0
978,17-03-2017,1877031,Motorola,1,1,0
979,17-03-2017,1877091,Micromax,1,0,0
980,17-03-2017,1877171,Apple,1,0,0
981,17-03-2017,1877211,Xiaomi,1,0,0
982,17-03-2017,1877361,YU,1,0,0
983,17-03-2017,1877411,Asus,1,0,0
984,17-03-2017,1877531,Lenovo,1,0,0
985,17-03-2017,1877601,Asus,1,0,0
986,17-03-2017,1877701,Samsung,1,0,0
987,17-03-2017,1877711,Asus,1,0,0
988,17-03-2017,1877741,(not set),1,0,0
989,17-03-2017,1877761,OnePlus,1,0,0
990,17-03-2017,1877781,Lenovo,1,0,0
991,17-03-2017,1878071,Samsung,1,0,0
992,17-03-2017,1878141,Xiaomi,1,0,0
993,17-03-2017,1878171,(not set),1,0,0
994,17-03-2017,1878211,Meizu,1,0,0
995,17-03-2017,1878311,(not set),1,0,0
996,17-03-2017,1878341,Xiaomi,1,0,0
997,17-03-2017,1878401,Micromax,1,0,0
998,17-03-2017,1878471,Coolpad,1,0,0
999,17-03-2017,1878561,Samsung,1,0,0
1000,17-03-2017,1878701,Motorola,1,0,0
1001,17-03-2017,1878761,OPPO,1,0,0
1002,17-03-2017,1878851,Xiaomi,1,0,0
1003,17-03-2017,1878901,Xiaomi,1,0,0
1004,17-03-2017,1878951,Xiaomi,1,0,0
1005,17-03-2017,1878991,(not set),1,0,0
1006,17-03-2017,1879031,Micromax,1,0,0
1007,17-03-2017,1879141,Xiaomi,1,0,0
1008,17-03-2017,1879211,Motorola,1,0,0
1009,17-03-2017,1879301,Xiaomi,1,0,0
1010,17-03-2017,1879361,Apple,1,0,0
1011,17-03-2017,1879371,Sony,1,0,0
1012,17-03-2017,1879381,Lenovo,1,0,0
1013,17-03-2017,1879401,Motorola,1,0,0
1014,17-03-2017,1879421,(not set),1,0,0
1015,17-03-2017,1879431,Vivo,1,0,0
1016,17-03-2017,1879471,Sony,1,0,0
1017,17-03-2017,1879651,Samsung,1,0,0
1018,17-03-2017,1879661,Vivo,1,0,0
1019,17-03-2017,1879921,LeTV,1,0,0
1020,17-03-2017,1879931,Motorola,1,0,0
1021,17-03-2017,1879941,Samsung,1,0,0
1022,17-03-2017,1879951,Xiaomi,1,0,0
1023,17-03-2017,1880031,YU,1,0,0
1024,17-03-2017,1880051,Xiaomi,1,0,0
1025,17-03-2017,1880091,Xiaomi,1,0,0
1026,17-03-2017,1880141,Apple,1,0,0
1027,17-03-2017,1880171,Lenovo,1,0,0
1028,17-03-2017,1880211,Xiaomi,1,0,0
1029,17-03-2017,1880261,Xiaomi,1,0,0
1030,17-03-2017,1880371,Xiaomi,1,0,0
1031,17-03-2017,1880381,Xiaomi,1,0,0
1032,17-03-2017,1880451,Xiaomi,1,0,0
1033,17-03-2017,1880491,Xiaomi,1,0,0
1034,17-03-2017,1880581,Nokia,1,0,0
1035,17-03-2017,1880601,Apple,1,0,0
1036,17-03-2017,1880621,Motorola,1,0,0
1037,17-03-2017,1880671,Apple,1,0,0
1038,17-03-2017,1880701,Xiaomi,1,0,0
1039,17-03-2017,1880711,LeEco,1,0,0
1040,17-03-2017,1880751,Motorola,1,0,0
1041,17-03-2017,1880771,Xiaomi,1,0,0
1042,17-03-2017,1880901,Sony,1,0,0
1043,17-03-2017,1880921,Lenovo,1,0,0
1044,17-03-2017,1881041,Xiaomi,1,0,0
1045,17-03-2017,1881061,Xiaomi,1,0,0
1046,17-03-2017,1881081,Xiaomi,1,0,0
1047,17-03-2017,1881121,Motorola,1,0,0
1048,17-03-2017,1881151,(not set),1,0,0
1049,17-03-2017,1881171,Samsung,1,0,0
1050,17-03-2017,1881491,Intex,1,0,0
1051,17-03-2017,1881541,Panasonic,1,0,0
1052,17-03-2017,1881561,Motorola,1,0,0
1053,17-03-2017,1881571,Samsung,1,0,0
1054,17-03-2017,1881631,Micromax,1,0,0
1055,17-03-2017,1881641,LeTV,1,0,0
1056,17-03-2017,1881671,Xiaomi,1,0,0
1057,17-03-2017,1881741,Micromax,1,0,0
1058,17-03-2017,1881761,(not set),1,0,0
1059,17-03-2017,1881831,Micromax,1,0,0
1060,17-03-2017,1881871,Xiaomi,1,0,0
1061,17-03-2017,1882021,(not set),1,0,0
1062,17-03-2017,1882081,Xiaomi,1,0,0
1063,17-03-2017,1882101,Xiaomi,1,0,0
1064,17-03-2017,1882151,Xiaomi,1,0,0
1065,17-03-2017,1882171,Samsung,1,0,0
1066,17-03-2017,1882271,LeTV,1,0,0
1067,17-03-2017,1882351,Sony,1,0,0
1068,17-03-2017,1882401,LeTV,1,0,0
1069,17-03-2017,1882491,Samsung,1,0,0
1070,17-03-2017,1882521,Xiaomi,1,0,0
1071,17-03-2017,1882591,Microsoft,1,0,0
1072,17-03-2017,1882611,Xiaomi,1,0,0
1073,17-03-2017,1882621,Xiaomi,1,0,0
1074,17-03-2017,1882671,Samsung,1,0,0
1075,17-03-2017,1882781,Coolpad,1,0,0
1076,17-03-2017,1882801,Motorola,1,0,0
1077,17-03-2017,1882811,Micromax,1,0,0
1078,17-03-2017,1882831,Xiaomi,1,0,0
1079,17-03-2017,1882871,Apple,1,0,0
1080,17-03-2017,1883131,Lenovo,1,0,0
1081,17-03-2017,1883151,LeEco,1,0,0
1082,17-03-2017,1883421,Samsung,1,0,0
1083,17-03-2017,1883431,(not set),1,0,0
1084,17-03-2017,1883531,LeEco,1,0,0
1085,17-03-2017,1883731,Motorola,1,0,0
1086,17-03-2017,1883771,Lenovo,1,0,0
1087,17-03-2017,1883781,Motorola,1,0,0
1088,17-03-2017,1883801,(not set),1,0,0
1089,17-03-2017,1883851,Gionee,1,0,0
1090,17-03-2017,1883991,Xiaomi,1,0,0
1091,17-03-2017,1884021,Micromax,1,0,0
1092,17-03-2017,1884151,Motorola,1,0,0
1093,17-03-2017,1884181,Samsung,1,0,0
1094,17-03-2017,1884191,Nokia,1,0,0
1095,17-03-2017,1884411,Motorola,1,0,0
1096,17-03-2017,1884431,Coolpad,1,0,0
1097,17-03-2017,1884451,Xiaomi,1,0,0
1098,17-03-2017,1884491,Micromax,1,0,0
1099,17-03-2017,1884551,Xiaomi,1,0,0
1100,17-03-2017,1884691,Xiaomi,1,0,0
1101,17-03-2017,1884731,Huawei,1,0,0
1102,17-03-2017,1884821,Samsung,1,0,0
1103,17-03-2017,1884891,Xiaomi,1,0,0
1104,17-03-2017,1884941,Xiaomi,1,0,0
1105,17-03-2017,1885051,Apple,1,0,0
1106,17-03-2017,1885081,(not set),1,0,0
1107,17-03-2017,1885091,Samsung,1,0,0
1108,17-03-2017,1885171,Xiaomi,1,0,0
1109,17-03-2017,1885201,Micromax,1,0,0
1110,17-03-2017,1885351,Apple,1,0,0
1111,17-03-2017,1885431,Xiaomi,1,0,0
1112,17-03-2017,1885561,Motorola,1,0,0
1113,17-03-2017,1885581,Nokia,1,0,0
1114,17-03-2017,1885621,Apple,1,0,0
1115,17-03-2017,1885681,Samsung,1,0,0
1116,17-03-2017,1885751,Xiaomi,1,0,0
1117,17-03-2017,1885831,Motorola,1,0,0
1118,17-03-2017,1885871,Xiaomi,1,0,0
1119,17-03-2017,1885881,Xiaomi,1,0,0
1120,17-03-2017,1885911,(not set),1,0,0
1121,17-03-2017,1885951,Lenovo,1,0,0
1122,17-03-2017,1885961,Vivo,1,0,0
1123,17-03-2017,1885991,Lava,1,0,0
1124,17-03-2017,1886041,Xiaomi,1,0,0
1125,17-03-2017,1886091,Apple,1,0,0
1126,17-03-2017,1886181,Xiaomi,1,0,0
1127,17-03-2017,1886291,OnePlus,1,0,0
1128,17-03-2017,1886401,LYF,1,0,0
1129,17-03-2017,1886601,Samsung,1,0,0
1130,17-03-2017,1886661,Motorola,1,0,0
1131,17-03-2017,1886731,(not set),1,0,0
1132,17-03-2017,1886891,Apple,1,0,0
1133,17-03-2017,1887101,Xiaomi,1,0,0
1134,17-03-2017,1887111,Micromax,1,0,0
1135,17-03-2017,1887141,Micromax,1,0,0
1136,17-03-2017,1887211,Samsung,1,0,0
1137,17-03-2017,1887271,Apple,1,0,0
1138,17-03-2017,1887401,OnePlus,1,0,0
1139,17-03-2017,1887431,Xiaomi,1,0,0
1140,17-03-2017,1887471,Sony,1,0,0
1141,17-03-2017,1887511,Xiaomi,1,0,0
1142,17-03-2017,1887581,Xiaomi,1,0,0
1143,17-03-2017,1887671,(not set),1,0,0
1144,17-03-2017,1887741,Apple,1,0,0
1145,17-03-2017,1887791,Xiaomi,1,0,0
1146,17-03-2017,1887911,Apple,1,0,0
1147,17-03-2017,1887921,Xiaomi,1,0,0
1148,17-03-2017,1887951,Motorola,1,0,0
1149,17-03-2017,1888001,Motorola,1,0,0
1150,17-03-2017,1888051,Gionee,1,0,0
1151,17-03-2017,1888091,Xiaomi,1,0,0
1152,17-03-2017,1888111,Nokia,1,0,0
1153,17-03-2017,1888181,YU,1,0,0
1154,17-03-2017,1888311,Lenovo,1,0,0
1155,17-03-2017,1888351,Xiaomi,1,0,0
1156,17-03-2017,1888381,Xiaomi,1,0,0
1157,17-03-2017,1888441,Meizu,1,0,0
1158,17-03-2017,1888461,Apple,1,0,0
1159,17-03-2017,1888491,Samsung,1,0,0
1160,17-03-2017,1888541,Samsung,1,0,0
1161,17-03-2017,1888551,YU,1,0,0
1162,17-03-2017,1888641,Samsung,1,0,0
1163,17-03-2017,1888681,Xiaomi,1,0,0
1164,17-03-2017,1888711,Xiaomi,1,0,0
1165,17-03-2017,1888771,Xiaomi,1,0,0
1166,17-03-2017,1888811,Xiaomi,1,0,0
1167,17-03-2017,1888821,Samsung,1,0,0
1168,17-03-2017,1888841,Xiaomi,1,0,0
1169,17-03-2017,1888941,(not set),1,0,0
1170,17-03-2017,1889101,LYF,1,0,0
1171,17-03-2017,1889221,Xiaomi,1,0,0
1172,17-03-2017,1889561,Apple,1,0,0
1173,17-03-2017,1889751,Lenovo,1,0,0
1174,17-03-2017,1889771,Samsung,1,0,0
1175,17-03-2017,1889781,Asus,1,0,0
1176,17-03-2017,1889981,Xiaomi,1,0,0
1177,17-03-2017,1890021,Samsung,1,0,0
1178,17-03-2017,1890091,Google,1,0,0
1179,17-03-2017,1890181,Motorola,1,0,0
1180,17-03-2017,1890261,Motorola,1,0,0
1181,17-03-2017,1890291,Motorola,1,0,0
1182,17-03-2017,1890351,Motorola,1,0,0
1183,17-03-2017,1890471,Xiaomi,1,0,0
1184,17-03-2017,1890501,LYF,1,1,0
1185,17-03-2017,1890811,Lenovo,1,0,0
1186,17-03-2017,1890861,Samsung,1,0,0
1187,17-03-2017,1890921,Motorola,1,0,0
1188,17-03-2017,1890961,Motorola,1,0,0
1189,17-03-2017,1891121,Xiaomi,1,0,0
1190,17-03-2017,1891131,Motorola,1,0,0
1191,17-03-2017,1891141,OnePlus,1,0,0
1192,17-03-2017,1891371,Lenovo,1,0,0
1193,17-03-2017,1891411,OnePlus,1,0,0
1194,17-03-2017,1891561,Meizu,1,0,0
1195,17-03-2017,1891611,Motorola,1,0,0
1196,17-03-2017,1891701,Micromax,1,0,0
1197,17-03-2017,1891721,Micromax,1,0,0
1198,17-03-2017,1891731,Micromax,1,0,0
1199,17-03-2017,1891741,OnePlus,1,0,0
1200,17-03-2017,1891771,Xiaomi,1,0,0
1201,17-03-2017,1891791,Motorola,1,0,0
1202,17-03-2017,1891891,Xiaomi,1,0,0
1203,17-03-2017,1892021,Intex,1,0,0
1204,17-03-2017,1892071,Xiaomi,1,0,0
1205,17-03-2017,1892141,Samsung,1,0,0
1206,17-03-2017,1892221,Xiaomi,1,0,0
1207,17-03-2017,1892451,Xiaomi,1,0,0
1208,17-03-2017,1892501,Lenovo,1,0,0
1209,17-03-2017,1892541,Xiaomi,1,0,0
1210,17-03-2017,1892661,(not set),1,0,0
1211,17-03-2017,1892701,Xiaomi,1,0,0
1212,17-03-2017,1892731,Apple,1,0,0
1213,17-03-2017,1892751,Lenovo,1,0,0
1214,17-03-2017,1892761,Motorola,1,0,0
1215,17-03-2017,1892811,Apple,1,0,0
1216,17-03-2017,1892861,Samsung,1,0,0
1217,17-03-2017,1892871,Lenovo,1,0,0
1218,17-03-2017,1892931,Samsung,1,0,0
1219,17-03-2017,1893221,Samsung,1,0,0
1220,17-03-2017,1893281,Xiaomi,1,0,0
1221,17-03-2017,1893411,Motorola,1,1,0
1222,17-03-2017,1893471,HTC,1,0,0
1223,17-03-2017,1893481,Xiaomi,1,0,0
1224,17-03-2017,1893541,Samsung,1,0,0
1225,17-03-2017,1893601,Xiaomi,1,0,0
1226,17-03-2017,1893661,Motorola,1,1,0
1227,17-03-2017,1893741,Xiaomi,1,0,0
1228,17-03-2017,1893751,Asus,1,0,0
1229,17-03-2017,1893821,OPPO,1,0,0
1230,17-03-2017,1893971,Xiaomi,1,0,0
1231,17-03-2017,1894041,Motorola,1,0,0
1232,17-03-2017,1894051,Xiaomi,1,0,0
1233,17-03-2017,1894071,LeTV,1,0,0
1234,17-03-2017,1894151,Motorola,1,0,0
1235,17-03-2017,1894171,Xiaomi,1,0,0
1236,17-03-2017,1894181,(not set),1,0,0
1237,17-03-2017,1894191,Xiaomi,1,0,0
1238,17-03-2017,1894211,Xiaomi,1,0,0
1239,17-03-2017,1894251,(not set),1,0,0
1240,17-03-2017,1894271,Samsung,1,0,0
1241,17-03-2017,1894291,Xiaomi,1,0,0
1242,17-03-2017,1894341,Micromax,1,0,0
1243,17-03-2017,1894541,Samsung,1,0,0
1244,17-03-2017,1894691,Xiaomi,1,0,0
1245,17-03-2017,1894771,Samsung,1,0,0
1246,17-03-2017,1894801,(not set),1,0,0
1247,17-03-2017,1894861,Samsung,1,0,0
1248,17-03-2017,1894871,Motorola,1,0,0
1249,17-03-2017,1894991,Xiaomi,1,0,0
1250,17-03-2017,1895021,Motorola,1,0,0
1251,17-03-2017,1895051,Xiaomi,1,0,0
1252,17-03-2017,1895071,Samsung,1,0,0
1253,17-03-2017,1895151,Motorola,1,0,0
1254,17-03-2017,1895181,Micromax,1,0,0
1255,17-03-2017,1895241,(not set),1,0,0
1256,17-03-2017,1895271,Samsung,1,0,0
1257,17-03-2017,1895361,Xiaomi,1,0,0
1258,17-03-2017,1895461,Xiaomi,1,0,0
1259,17-03-2017,1895611,YU,1,0,0
1260,17-03-2017,1895711,(not set),1,0,0
1261,17-03-2017,1895811,YU,1,0,0
1262,17-03-2017,1895881,(not set),1,0,0
1263,17-03-2017,1895951,Dell,1,0,0
1264,17-03-2017,1895971,Motorola,1,0,0
1265,17-03-2017,1896051,Huawei,1,0,0
1266,17-03-2017,1896061,Huawei,1,0,0
1267,17-03-2017,1896111,HTC,1,0,0
1268,17-03-2017,1896151,LYF,1,0,0
1269,17-03-2017,1896191,(not set),1,0,0
1270,17-03-2017,1896201,LYF,1,0,0
1271,17-03-2017,1896271,OnePlus,1,0,0
1272,17-03-2017,1896351,Lenovo,1,0,0
1273,17-03-2017,1896411,LeTV,1,0,0
1274,17-03-2017,1896851,Vivo,1,0,0
1275,17-03-2017,1896961,HTC,1,0,0
1276,17-03-2017,1896971,YU,1,0,0
1277,17-03-2017,1897021,Motorola,1,0,0
1278,17-03-2017,1897031,Samsung,1,0,0
1279,17-03-2017,1897061,Apple,1,0,0
1280,17-03-2017,1897141,Apple,1,0,0
1281,17-03-2017,1897181,Coolpad,1,0,0
1282,17-03-2017,1897261,Micromax,1,0,0
1283,17-03-2017,1897361,Xiaomi,1,0,0
1284,17-03-2017,1897401,Motorola,1,0,0
1285,17-03-2017,1897471,Motorola,1,0,0
1286,17-03-2017,1897481,Google,1,0,0
1287,17-03-2017,1897681,Motorola,1,0,0
1288,17-03-2017,1897721,Samsung,1,0,0
1289,17-03-2017,1897741,LeEco,1,0,0
1290,17-03-2017,1897791,HTC,1,0,0
1291,17-03-2017,1897811,Nokia,1,0,0
1292,17-03-2017,1897901,Samsung,1,0,0
1293,17-03-2017,1897981,InFocus,1,0,0
1294,17-03-2017,1898051,Samsung,1,0,0
1295,17-03-2017,1898071,(not set),1,0,0
1296,17-03-2017,1898081,Coolpad,1,0,0
1297,17-03-2017,1898101,Motorola,1,1,0
1298,17-03-2017,1898151,Gionee,1,0,0
1299,17-03-2017,1898301,Lenovo,1,0,0
1300,17-03-2017,1898311,Xiaomi,1,0,0
1301,17-03-2017,1898371,Motorola,1,0,0
1302,17-03-2017,1898411,Samsung,1,0,0
1303,17-03-2017,1898451,Motorola,1,0,0
1304,17-03-2017,1898481,Coolpad,1,0,0
1305,17-03-2017,1898491,Motorola,1,0,0
1306,17-03-2017,1898561,Samsung,1,0,0
1307,17-03-2017,1898611,Motorola,1,0,0
1308,17-03-2017,1898631,Samsung,1,0,0
1309,17-03-2017,1898661,Samsung,1,0,0
1310,17-03-2017,1898731,Lenovo,1,0,0
1311,17-03-2017,1898791,Samsung,1,0,0
1312,17-03-2017,1898871,YU,1,0,0
1313,17-03-2017,1899061,Xiaomi,1,0,0
1314,17-03-2017,1899071,Samsung,1,0,0
1315,17-03-2017,1899131,Samsung,1,0,0
1316,17-03-2017,1899171,Motorola,1,1,0
1317,17-03-2017,1899301,Apple,1,0,0
1318,17-03-2017,1899341,Lenovo,1,0,0
1319,17-03-2017,1899371,Lenovo,1,0,0
1320,17-03-2017,1899421,Xiaomi,1,0,0
1321,17-03-2017,1899441,Sony,1,0,0
1322,17-03-2017,1899481,Xiaomi,1,0,0
1323,17-03-2017,1899491,Coolpad,1,0,0
1324,17-03-2017,1899501,Nokia,1,0,0
1325,17-03-2017,1899551,Samsung,1,0,0
1326,17-03-2017,1899581,(not set),1,0,0
1327,17-03-2017,1899591,Xolo,1,0,0
1328,17-03-2017,1899601,Xiaomi,1,0,0
1329,17-03-2017,1899641,Lenovo,1,0,0
1330,17-03-2017,1899751,(not set),1,0,0
1331,17-03-2017,1899761,Xiaomi,1,0,0
1332,17-03-2017,1899821,Asus,1,0,0
1333,17-03-2017,1899841,Lenovo,1,0,0
1334,17-03-2017,1899851,LeEco,1,0,0
1335,17-03-2017,1899871,YU,1,0,0
1336,17-03-2017,1899901,Apple,1,0,0
1337,17-03-2017,1899951,Lenovo,1,0,0
1338,17-03-2017,1900001,LeTV,1,0,0
1339,17-03-2017,1900051,Spice,1,0,0
1340,17-03-2017,1900071,Xiaomi,1,0,0
1341,17-03-2017,1900091,Motorola,1,0,0
1342,17-03-2017,1900111,Xiaomi,1,0,0
1343,17-03-2017,1900191,Xiaomi,1,0,0
1344,17-03-2017,1900261,Xiaomi,1,0,0
1345,17-03-2017,1900321,Lenovo,1,0,0
1346,17-03-2017,1900441,Lenovo,1,0,0
1347,17-03-2017,1900491,Xiaomi,1,0,0
1348,17-03-2017,1900551,Xiaomi,1,0,0
1349,17-03-2017,1900571,Xiaomi,1,0,0
1350,17-03-2017,1900581,Asus,1,0,0
1351,17-03-2017,1900601,Xiaomi,1,0,0
1352,17-03-2017,1900611,Samsung,1,0,0
1353,17-03-2017,1900621,OPPO,1,0,0
1354,17-03-2017,1900701,Samsung,1,0,0
1355,17-03-2017,1900711,OnePlus,1,0,0
1356,17-03-2017,1900761,Xiaomi,1,0,0
1357,17-03-2017,1900811,(not set),1,0,0
1358,17-03-2017,1900861,(not set),1,0,0
1359,17-03-2017,1900951,(not set),1,0,0
1360,17-03-2017,1900971,Motorola,1,0,0
1361,17-03-2017,1901001,Apple,1,0,0
1362,17-03-2017,1901071,Xiaomi,1,0,0
1363,17-03-2017,1901141,LYF,1,0,0
1364,17-03-2017,1901191,LYF,1,0,0
1365,17-03-2017,1901201,LeEco,1,0,0
1366,17-03-2017,1901261,Samsung,1,0,0
1367,17-03-2017,1901411,Xiaomi,1,0,0
1368,17-03-2017,1901461,Xiaomi,1,0,0
1369,17-03-2017,1901571,Xiaomi,1,0,0
1370,17-03-2017,1901631,Lenovo,1,0,0
1371,17-03-2017,1901681,iBall,1,0,0
1372,17-03-2017,1901761,YU,1,0,0
1373,17-03-2017,1901801,Samsung,1,0,0
1374,17-03-2017,1901901,Xiaomi,1,0,0
1375,17-03-2017,1901961,Samsung,1,0,0
1376,17-03-2017,1902061,Xiaomi,1,0,0
1377,17-03-2017,1902091,Motorola,1,0,0
1378,17-03-2017,1902101,Motorola,1,0,0
1379,17-03-2017,1902121,Lenovo,1,0,0
1380,17-03-2017,1902321,Xiaomi,1,0,0
1381,17-03-2017,1902331,(not set),1,0,0
1382,17-03-2017,1902411,Xiaomi,1,0,0
1383,17-03-2017,1902451,Vivo,1,0,0
1384,17-03-2017,1902471,Microsoft,1,0,0
1385,17-03-2017,1902561,Samsung,1,0,0
1386,17-03-2017,1902651,HTC,1,0,0
1387,17-03-2017,1902661,Micromax,1,0,0
1388,17-03-2017,1902841,Samsung,1,0,0
1389,17-03-2017,1902911,Xiaomi,1,0,0
1390,17-03-2017,1902931,Samsung,1,0,0
1391,17-03-2017,1902951,Panasonic,1,0,0
1392,17-03-2017,1903031,Magicon,1,0,0
1393,17-03-2017,1903041,Apple,1,0,0
1394,17-03-2017,1903081,Xiaomi,1,0,0
1395,17-03-2017,1903191,Xiaomi,1,0,0
1396,17-03-2017,1903211,Motorola,1,0,0
1397,17-03-2017,1903271,Xiaomi,1,0,0
1398,17-03-2017,1903381,Lenovo,1,0,0
1399,17-03-2017,1903481,Lenovo,1,0,0
1400,17-03-2017,1903491,Xiaomi,1,0,0
1401,17-03-2017,1903561,Xiaomi,1,0,0
1402,17-03-2017,1903581,Xiaomi,1,0,0
1403,17-03-2017,1903651,Xiaomi,1,0,0
1404,17-03-2017,1903761,Motorola,1,0,0
1405,17-03-2017,1903861,Xolo,1,0,0
1406,17-03-2017,1903871,Xiaomi,1,0,0
1407,17-03-2017,1903881,Xiaomi,1,0,0
1408,17-03-2017,1903891,Intex,1,0,0
1409,17-03-2017,1903941,Gionee,1,0,0
1410,17-03-2017,1903981,Apple,1,0,0
1411,17-03-2017,1904011,Lenovo,1,0,0
1412,17-03-2017,1904021,Asus,1,0,0
1413,17-03-2017,1904081,Xiaomi,1,0,0
1414,17-03-2017,1904091,Lenovo,1,0,0
1415,17-03-2017,1904101,Samsung,1,0,0
1416,17-03-2017,1904131,(not set),1,0,0
1417,17-03-2017,1904261,Xiaomi,1,0,0
1418,17-03-2017,1904281,LYF,1,0,0
1419,17-03-2017,1904291,Lenovo,1,0,0
1420,17-03-2017,1904311,LYF,1,1,0
1421,17-03-2017,1904431,Xiaomi,1,0,0
1422,17-03-2017,1904451,HTC,1,0,0
1423,17-03-2017,1904501,Xiaomi,1,0,0
1424,17-03-2017,1904611,Xiaomi,1,0,0
1425,17-03-2017,1904861,Motorola,1,0,0
1426,17-03-2017,1904911,Lenovo,1,0,0
1427,17-03-2017,1904921,LYF,1,0,0
1428,17-03-2017,1904951,Samsung,1,0,0
1429,17-03-2017,1904971,Motorola,1,0,0
1430,17-03-2017,1905071,Asus,1,0,0
1431,17-03-2017,1905141,Xiaomi,1,0,0
1432,17-03-2017,1905201,Samsung,1,0,0
1433,17-03-2017,1905241,Xiaomi,1,0,0
1434,17-03-2017,1905261,Xiaomi,1,0,0
1435,17-03-2017,1905391,Apple,1,0,0
1436,17-03-2017,1905461,(not set),1,0,0
1437,17-03-2017,1905611,Xiaomi,1,0,0
1438,17-03-2017,1905751,OnePlus,1,0,0
1439,17-03-2017,1905761,Apple,1,0,0
1440,17-03-2017,1905781,Lenovo,1,0,0
1441,17-03-2017,1905821,Samsung,1,0,0
1442,17-03-2017,1905871,Micromax,1,0,0
1443,17-03-2017,1905891,Xiaomi,1,0,0
1444,17-03-2017,1906121,(not set),1,0,0
1445,17-03-2017,1906131,Coolpad,1,0,0
1446,17-03-2017,1906341,Xolo,1,0,0
1447,17-03-2017,1906571,Vivo,1,0,0
1448,17-03-2017,1906591,Micromax,1,0,0
1449,17-03-2017,1906811,Samsung,1,0,0
1450,17-03-2017,1907011,Lenovo,1,0,0
1451,17-03-2017,1907031,(not set),1,0,0
1452,17-03-2017,1907041,Xiaomi,1,0,0
1453,17-03-2017,1907161,Lenovo,1,1,0
1454,17-03-2017,1907201,YU,1,0,0
1455,17-03-2017,1907221,Intex,1,0,0
1456,17-03-2017,1907281,Xiaomi,1,0,0
1457,17-03-2017,1907361,LYF,1,0,0
1458,17-03-2017,1907631,Panasonic,1,0,0
1459,17-03-2017,1907771,Motorola,1,0,0
1460,17-03-2017,1907861,(not set),1,0,0
1461,17-03-2017,1907911,OPPO,1,0,0
1462,17-03-2017,1907961,Micromax,1,0,0
1463,17-03-2017,1908041,LeTV,1,0,0
1464,17-03-2017,1908141,Motorola,1,0,0
1465,17-03-2017,1908151,Xiaomi,1,0,0
1466,17-03-2017,1908161,Motorola,1,0,0
1467,17-03-2017,1908211,Apple,1,0,0
1468,17-03-2017,1908371,Xiaomi,1,0,0
1469,17-03-2017,1908401,Xiaomi,1,0,0
1470,17-03-2017,1908441,Xiaomi,1,0,0
1471,17-03-2017,1908501,Samsung,1,0,0
1472,17-03-2017,1908531,Gionee,1,1,0
1473,17-03-2017,1908811,YU,1,0,0
1474,17-03-2017,1908891,Lava,1,0,0
1475,17-03-2017,1908941,Xiaomi,1,0,0
1476,17-03-2017,1908971,Xiaomi,1,0,0
1477,17-03-2017,1909021,Lenovo,1,0,0
1478,17-03-2017,1909041,Apple,1,0,0
1479,17-03-2017,1909051,Samsung,1,0,0
1480,17-03-2017,1909061,LYF,1,0,0
1481,17-03-2017,1909101,Xiaomi,1,0,0
1482,17-03-2017,1909191,Xiaomi,1,0,0
1483,17-03-2017,1909221,OnePlus,1,0,0
1484,17-03-2017,1909401,LYF,1,0,0
1485,17-03-2017,1909431,(not set),1,0,0
1486,17-03-2017,1909511,Xiaomi,1,0,0
1487,17-03-2017,1909521,Asus,1,0,0
1488,17-03-2017,1909571,Samsung,1,0,0
1489,17-03-2017,1909641,Samsung,1,0,0
1490,17-03-2017,1909691,Huawei,1,0,0
1491,17-03-2017,1909731,Motorola,1,0,0
1492,17-03-2017,1909761,LeTV,1,0,0
1493,17-03-2017,1909781,Lenovo,1,0,0
1494,17-03-2017,1909921,Apple,1,0,0
1495,17-03-2017,1910061,Xiaomi,1,0,0
1496,17-03-2017,1910111,Asus,1,0,0
1497,17-03-2017,1910281,Xiaomi,1,0,0
1498,17-03-2017,1910291,Coolpad,1,0,0
1499,17-03-2017,1910321,Micromax,1,0,0
1500,17-03-2017,1910421,Xiaomi,1,0,0
1501,17-03-2017,1910521,Xiaomi,1,0,0
1502,17-03-2017,1910531,Samsung,1,0,0
1503,17-03-2017,1910721,LYF,1,0,0
1504,17-03-2017,1910841,Xiaomi,1,0,0
1505,17-03-2017,1910851,Xiaomi,1,0,0
1506,17-03-2017,1910871,Lenovo,1,0,0
1507,17-03-2017,1910931,Xiaomi,1,0,0
1508,17-03-2017,1910971,Xiaomi,1,0,0
1509,17-03-2017,1910991,Motorola,1,0,0
1510,17-03-2017,1911061,Apple,1,0,0
1511,17-03-2017,1911151,Xiaomi,1,0,0
1512,17-03-2017,1911191,Intex,1,0,0
1513,17-03-2017,1911221,Xiaomi,1,0,0
1514,17-03-2017,1911391,Xiaomi,1,0,0
1515,17-03-2017,1911461,Lenovo,1,0,0
1516,17-03-2017,1911521,Samsung,1,0,0
1517,17-03-2017,1911581,Xiaomi,1,0,0
1518,17-03-2017,1911641,Xiaomi,1,0,0
1519,17-03-2017,1911661,Asus,1,0,0
1520,17-03-2017,1911861,Xiaomi,1,0,0
1521,17-03-2017,1911871,LeTV,1,0,0
1522,17-03-2017,1911941,Xiaomi,1,0,0
1523,17-03-2017,1911971,Xiaomi,1,0,0
1524,17-03-2017,1912031,Lenovo,1,1,0
1525,17-03-2017,1912261,Apple,1,0,0
1526,17-03-2017,1912371,Samsung,1,0,0
1527,17-03-2017,1912411,Xolo,1,0,0
1528,17-03-2017,1912471,YU,1,0,0
1529,17-03-2017,1912491,Lava,1,0,0
1530,17-03-2017,1912571,LeTV,1,0,0
1531,17-03-2017,1912591,Samsung,1,0,0
1532,17-03-2017,1912781,Xiaomi,1,0,0
1533,17-03-2017,1912801,Xiaomi,1,0,0
1534,17-03-2017,1912821,(not set),1,0,0
1535,17-03-2017,1912841,OnePlus,1,0,0
1536,17-03-2017,1913031,Motorola,1,0,0
1537,17-03-2017,1913061,Xiaomi,1,0,0
1538,17-03-2017,1915951,Motorola,1,0,0
1539,17-03-2017,1916301,OnePlus,1,0,0
1540,17-03-2017,1917221,Samsung,1,0,0
1541,17-03-2017,1917551,Apple,1,0,0
1542,17-03-2017,1917891,Samsung,1,0,0
1543,18-03-2017,1806691,OnePlus,1,1,0
1544,18-03-2017,1813921,LYF,1,0,0
1545,18-03-2017,1819251,Lenovo,1,1,0
1546,18-03-2017,1821401,Lenovo,1,1,0
1547,18-03-2017,1837011,Vivo,1,0,0
1548,18-03-2017,1844541,LeTV,1,1,0
1549,18-03-2017,1845571,Xiaomi,1,1,0
1550,18-03-2017,1851011,Lenovo,1,0,0
1551,18-03-2017,1856671,Lava,1,0,0
1552,18-03-2017,1857561,SonyEricsson,1,2,0
1553,18-03-2017,1858661,Xiaomi,1,1,0
1554,18-03-2017,1866131,Xiaomi,1,1,0
1555,18-03-2017,1873491,Lenovo,1,0,0
1556,18-03-2017,1875431,LeTV,1,1,0
1557,18-03-2017,1885561,Motorola,1,1,0
1558,18-03-2017,1887581,Xiaomi,1,0,0
1559,18-03-2017,1890501,LYF,1,1,0
1560,18-03-2017,1899761,Xiaomi,1,1,0
1561,18-03-2017,1900971,Motorola,1,0,0
1562,18-03-2017,1902651,HTC,1,0,0
1563,18-03-2017,1903481,Lenovo,1,0,0
1564,18-03-2017,1903761,Motorola,1,1,0
1565,18-03-2017,1903881,Xiaomi,1,0,0
1566,18-03-2017,1908531,Gionee,1,0,0
1567,18-03-2017,1918771,Samsung,1,0,0
1568,18-03-2017,1918841,Samsung,1,0,0
1569,18-03-2017,1918871,Samsung,1,0,0
1570,18-03-2017,1922841,Samsung,1,0,0
1571,18-03-2017,1923131,Samsung,1,0,0
1572,18-03-2017,1924251,Samsung,1,0,0
1573,18-03-2017,1924321,Samsung,1,0,0
1574,18-03-2017,1925031,Xiaomi,1,0,0
1575,18-03-2017,1925141,Xiaomi,1,0,0
1576,19-03-2017,1758931,Samsung,1,1,0
1577,19-03-2017,1783381,Xiaomi,1,0,0
1578,19-03-2017,1791581,Samsung,1,1,0
1579,19-03-2017,1798881,Xiaomi,1,1,0
1580,19-03-2017,1800671,HTC,1,0,0
1581,19-03-2017,1806691,OnePlus,1,3,0
1582,19-03-2017,1829501,Xiaomi,1,0,0
1583,19-03-2017,1838111,Sony,1,0,0
1584,19-03-2017,1867291,Xiaomi,1,0,0
1585,19-03-2017,1879651,Samsung,1,0,0
1586,19-03-2017,1887581,Xiaomi,1,0,0
1587,19-03-2017,1887671,(not set),1,0,0
1588,19-03-2017,1891131,Motorola,1,0,0
1589,19-03-2017,1905251,Coolpad,1,0,0
1590,19-03-2017,1925031,Xiaomi,1,0,0
1591,19-03-2017,1925821,Apple,1,0,0
1592,19-03-2017,1925921,Apple,1,0,0
1593,19-03-2017,1926031,HTC,1,0,0
1594,19-03-2017,1926111,Samsung,1,0,0
1595,19-03-2017,1926561,Apple,1,0,0
1596,19-03-2017,1926601,LG,1,0,0
1597,19-03-2017,1926771,Apple,1,0,0
1598,19-03-2017,1926821,Motorola,1,0,0
1599,20-03-2017,1794621,Lenovo,1,0,0
1600,20-03-2017,1839401,Xiaomi,1,0,0
1601,20-03-2017,1851131,Sony,1,0,0
1602,20-03-2017,1862891,Panasonic,1,0,0
1603,20-03-2017,1875431,LeTV,1,0,0
1604,20-03-2017,1879651,Samsung,1,1,0
1605,20-03-2017,1888001,Motorola,1,0,0
1606,20-03-2017,1901201,LeEco,1,1,0
1607,20-03-2017,1928051,Samsung,1,0,0
1608,20-03-2017,1929471,Apple,1,0,0
1609,20-03-2017,1929781,Samsung,1,0,0
1610,21-03-2017,1728385,Motorola,1,0,0
1611,21-03-2017,1728394,Motorola,1,0,0
1612,21-03-2017,1728411,Motorola,1,0,0
1613,21-03-2017,1728422,Motorola,1,0,0
1614,21-03-2017,1728469,Motorola,1,0,0
1615,21-03-2017,1773961,Samsung,1,0,0
1616,21-03-2017,1835941,Xiaomi,1,1,0
1617,21-03-2017,1837011,Vivo,1,0,0
1618,21-03-2017,1862891,Panasonic,1,2,0
1619,21-03-2017,1875431,LeTV,1,0,0
1620,21-03-2017,1901201,LeEco,1,0,0
1621,21-03-2017,1929981,Motorola,1,0,0
1622,21-03-2017,1930861,Motorola,1,1,0
1623,21-03-2017,1931051,Xiaomi,1,0,0
1624,21-03-2017,1931571,LeTV,1,0,0
1625,21-03-2017,1932151,Apple,1,0,0
1626,21-03-2017,1932251,Apple,1,0,0
1627,22-03-2017,1728469,Motorola,1,1,0
1628,22-03-2017,1728510,Motorola,1,0,0
1629,22-03-2017,1728541,Motorola,1,0,0
1630,22-03-2017,1842921,Xiaomi,1,1,0
1631,22-03-2017,1858811,Gionee,1,1,0
1632,22-03-2017,1862891,Panasonic,1,4,0
1633,22-03-2017,1875431,LeTV,1,0,0
1634,22-03-2017,1883531,LeEco,1,0,0
1635,22-03-2017,1931051,Xiaomi,1,0,0
1636,22-03-2017,1935411,Apple,1,0,0
1637,22-03-2017,1935431,Samsung,1,0,0
1638,23-03-2017,1728713,Motorola,1,0,0
1639,23-03-2017,1728716,Motorola,1,0,0
1640,23-03-2017,1728719,Motorola,1,0,0
1641,23-03-2017,1728756,Motorola,1,0,0
1642,23-03-2017,1728768,Motorola,1,0,0
1643,23-03-2017,1728779,Motorola,1,0,0
1644,23-03-2017,1728798,Motorola,1,0,0
1645,23-03-2017,1728799,Motorola,1,0,0
1646,23-03-2017,1773961,Samsung,1,0,0
1647,23-03-2017,1845571,Xiaomi,1,0,0
1648,23-03-2017,1862891,Panasonic,1,2,0
1649,23-03-2017,1875431,LeTV,1,1,0
1650,23-03-2017,1935641,Samsung,1,0,0
1651,23-03-2017,1935681,Apple,1,0,0
1652,23-03-2017,1935761,Samsung,1,0,0
1653,23-03-2017,1936841,Apple,1,0,0
1654,23-03-2017,1936931,Samsung,1,0,0
1655,23-03-2017,1937031,Samsung,1,0,0
1656,23-03-2017,1937111,Samsung,1,0,0
1657,24-03-2017,1728857,Motorola,1,0,0
1658,24-03-2017,1862891,Panasonic,1,1,0
1659,24-03-2017,1938231,Samsung,1,0,0
1660,24-03-2017,1938431,Xiaomi,1,0,0
1661,24-03-2017,1938741,Samsung,1,0,0
1662,24-03-2017,1938791,Samsung,1,0,0
1663,24-03-2017,1938811,Samsung,1,0,0
1664,24-03-2017,1939651,OPPO,1,0,0
1665,24-03-2017,1940211,Samsung,1,0,0
1666,24-03-2017,1940391,Xiaomi,1,0,0
1667,25-03-2017,1862891,Panasonic,1,0,0
1668,25-03-2017,1873401,Samsung,1,0,0
1669,25-03-2017,1941461,Apple,1,0,0
1670,25-03-2017,1941851,Apple,1,0,0
1671,25-03-2017,1943121,(not set),1,0,0
1672,25-03-2017,1943171,LG,1,0,0
1673,25-03-2017,1943261,Samsung,1,0,0
1674,25-03-2017,1943281,Samsung,1,0,0
1675,25-03-2017,1943641,Apple,1,1,0
1676,26-03-2017,1875431,LeTV,1,1,0
1677,26-03-2017,1945971,Apple,1,0,0
1678,26-03-2017,1946611,Apple,1,0,0
1679,27-03-2017,1728916,Samsung,1,0,0
1680,27-03-2017,1728935,Google,1,0,0
1681,27-03-2017,1845741,(not set),1,0,0
1682,27-03-2017,1862891,Panasonic,1,2,0
1683,27-03-2017,1875431,LeTV,1,0,0
1684,27-03-2017,1943641,Apple,1,1,0
1685,27-03-2017,1947181,Samsung,1,0,0
1686,27-03-2017,1947221,Samsung,1,0,0
1687,27-03-2017,1947611,Apple,1,0,0
1688,27-03-2017,1947641,Apple,1,0,0
1689,27-03-2017,1947861,Apple,1,0,0
1690,27-03-2017,1949841,Apple,1,0,0
1691,27-03-2017,1949921,OnePlus,1,0,0
1692,27-03-2017,1950431,Samsung,1,0,0
1693,27-03-2017,1950651,Xiaomi,1,0,0
1694,28-03-2017,1862891,Panasonic,1,0,0
1695,28-03-2017,1950861,Microsoft,1,0,0
1696,28-03-2017,1950931,HTC,1,0,0
1697,28-03-2017,1951031,Xiaomi,1,0,0
1698,28-03-2017,1951041,Motorola,1,0,0
1699,28-03-2017,1951051,Google,1,0,0
1700,28-03-2017,1951061,OPPO,1,0,0
1701,28-03-2017,1951131,Xiaomi,1,0,0
1702,28-03-2017,1951151,LeTV,1,0,0
1703,28-03-2017,1951171,Motorola,1,0,0
1704,28-03-2017,1951371,YU,1,1,0
1705,28-03-2017,1951441,LeTV,1,0,0
1706,28-03-2017,1951451,OPPO,1,0,0
1707,28-03-2017,1951541,Apple,1,0,0
1708,28-03-2017,1951551,LYF,1,0,0
1709,28-03-2017,1951581,Apple,1,0,0
1710,28-03-2017,1951621,Xiaomi,1,0,0
1711,28-03-2017,1951651,HTC,1,0,0
1712,28-03-2017,1951701,Motorola,1,0,0
1713,28-03-2017,1951721,Xiaomi,1,0,0
1714,28-03-2017,1951751,Lava,1,0,0
1715,28-03-2017,1951771,Lenovo,1,0,0
1716,28-03-2017,1951801,YU,1,0,0
1717,28-03-2017,1951821,(not set),1,0,0
1718,28-03-2017,1951861,Xiaomi,1,0,0
1719,28-03-2017,1951891,Samsung,1,0,0
1720,28-03-2017,1951931,OPPO,1,0,0
1721,28-03-2017,1951951,Xiaomi,1,0,0
1722,28-03-2017,1952001,Google,1,0,0
1723,28-03-2017,1952031,Xiaomi,1,0,0
1724,28-03-2017,1952121,Motorola,1,0,0
1725,28-03-2017,1952161,Xiaomi,1,0,0
1726,28-03-2017,1952441,LeEco,1,0,0
1727,28-03-2017,1952471,OPPO,1,0,0
1728,28-03-2017,1952511,Xiaomi,1,0,0
1729,28-03-2017,1952541,Xiaomi,1,0,0
1730,28-03-2017,1952551,Samsung,1,0,0
1731,28-03-2017,1952611,Motorola,1,0,0
1732,28-03-2017,1952621,Motorola,1,0,0
1733,28-03-2017,1952631,Motorola,1,0,0
1734,28-03-2017,1952761,Lenovo,1,0,0
1735,28-03-2017,1952771,Lenovo,1,0,0
1736,28-03-2017,1952791,LeEco,1,0,0
1737,28-03-2017,1952841,LeTV,1,0,0
1738,28-03-2017,1952881,(not set),1,0,0
1739,28-03-2017,1953041,Samsung,1,0,0
1740,28-03-2017,1953071,Samsung,1,0,0
1741,28-03-2017,1953091,Xiaomi,1,0,0
1742,28-03-2017,1953171,HTC,1,0,0
1743,28-03-2017,1953231,OnePlus,1,0,0
1744,28-03-2017,1953241,Xiaomi,1,0,0
1745,28-03-2017,1953331,Xiaomi,1,0,0
1746,28-03-2017,1953411,Apple,1,0,0
1747,28-03-2017,1953451,Xiaomi,1,0,0
1748,28-03-2017,1953521,Xiaomi,1,0,0
1749,28-03-2017,1953531,Motorola,1,0,0
1750,28-03-2017,1953561,YU,1,0,0
1751,28-03-2017,1953591,Micromax,1,0,0
1752,28-03-2017,1953601,Lenovo,1,0,0
1753,28-03-2017,1953621,Asus,1,0,0
1754,28-03-2017,1953721,Samsung,1,0,0
1755,28-03-2017,1953731,OPPO,1,0,0
1756,28-03-2017,1953741,Lenovo,1,0,0
1757,28-03-2017,1953861,Samsung,1,0,0
1758,28-03-2017,1953891,HTC,1,0,0
1759,28-03-2017,1953911,Lenovo,1,0,0
1760,28-03-2017,1953931,Apple,1,0,0
1761,28-03-2017,1954071,Motorola,1,0,0
1762,28-03-2017,1954291,(not set),1,0,0
1763,28-03-2017,1954301,Samsung,1,0,0
1764,28-03-2017,1954351,Apple,1,0,0
1765,28-03-2017,1954401,Xiaomi,1,0,0
1766,28-03-2017,1954421,Asus,1,0,0
1767,28-03-2017,1954491,Samsung,1,0,0
1768,28-03-2017,1954501,Xiaomi,1,0,0
1769,28-03-2017,1954761,Xiaomi,1,0,0
1770,28-03-2017,1954791,Coolpad,1,0,0
1771,28-03-2017,1954841,Coolpad,1,0,0
1772,28-03-2017,1954871,OPPO,1,0,0
1773,28-03-2017,1954931,YU,1,0,0
1774,28-03-2017,1954951,Gionee,1,0,0
1775,28-03-2017,1955051,YU,1,0,0
1776,28-03-2017,1955091,Swipe,1,0,0
1777,28-03-2017,1955111,Xiaomi,1,0,0
1778,28-03-2017,1955451,Samsung,1,0,0
1779,28-03-2017,1955511,Lenovo,1,0,0
1780,28-03-2017,1955521,Meizu,1,0,0
1781,28-03-2017,1955561,Apple,1,0,0
1782,28-03-2017,1955601,Samsung,1,0,0
1783,28-03-2017,1955671,Micromax,1,0,0
1784,28-03-2017,1955831,Asus,1,0,0
1785,28-03-2017,1955891,Lenovo,1,0,0
1786,28-03-2017,1955971,Coolpad,1,0,0
1787,28-03-2017,1956071,OnePlus,1,0,0
1788,28-03-2017,1956081,Xiaomi,1,0,0
1789,28-03-2017,1956131,LeTV,1,0,0
1790,28-03-2017,1956211,Xiaomi,1,0,0
1791,28-03-2017,1956381,Micromax,1,0,0
1792,28-03-2017,1956521,Lenovo,1,0,0
1793,28-03-2017,1956541,Xiaomi,1,0,0
1794,28-03-2017,1956591,Micromax,1,0,0
1795,28-03-2017,1956601,Motorola,1,0,0
1796,28-03-2017,1956701,Xiaomi,1,0,0
1797,28-03-2017,1956731,(not set),1,0,0
1798,28-03-2017,1956741,Xiaomi,1,0,0
1799,28-03-2017,1956831,Motorola,1,0,0
1800,28-03-2017,1956881,(not set),1,0,0
1801,28-03-2017,1956971,Motorola,1,1,0
1802,28-03-2017,1957001,LYF,1,0,0
1803,28-03-2017,1957011,Samsung,1,0,0
1804,28-03-2017,1957021,Micromax,1,0,0
1805,28-03-2017,1957171,Motorola,1,0,0
1806,28-03-2017,1957221,Xiaomi,1,0,0
1807,28-03-2017,1957411,Micromax,1,0,0
1808,28-03-2017,1957421,Xiaomi,1,0,0
1809,28-03-2017,1957471,Apple,1,0,0
1810,28-03-2017,1957481,Lenovo,1,0,0
1811,28-03-2017,1957491,Lenovo,1,0,0
1812,28-03-2017,1957551,Micromax,1,0,0
1813,28-03-2017,1957591,Apple,1,0,0
1814,28-03-2017,1957601,Xiaomi,1,0,0
1815,28-03-2017,1957611,Xiaomi,1,0,0
1816,28-03-2017,1957621,Samsung,1,0,0
1817,28-03-2017,1957801,Motorola,1,0,0
1818,28-03-2017,1958131,HTC,1,0,0
1819,28-03-2017,1958181,Samsung,1,0,0
1820,28-03-2017,1958331,Motorola,1,0,0
1821,28-03-2017,1958821,Apple,1,0,0
1822,28-03-2017,1958841,Samsung,1,0,0
1823,28-03-2017,1958901,Lenovo,1,0,0
1824,28-03-2017,1959071,Xiaomi,1,0,0
1825,28-03-2017,1959191,Xiaomi,1,0,0
1826,28-03-2017,1959321,Samsung,1,0,0
1827,28-03-2017,1959341,Xiaomi,1,0,0
1828,28-03-2017,1959371,Samsung,1,0,0
1829,28-03-2017,1959521,(not set),1,0,0
1830,28-03-2017,1959571,LeTV,1,0,0
1831,28-03-2017,1959581,LeTV,1,0,0
1832,28-03-2017,1959791,Apple,1,0,0
1833,28-03-2017,1959801,Micromax,1,0,0
1834,28-03-2017,1960061,Xiaomi,1,0,0
1835,28-03-2017,1960071,Apple,1,0,0
1836,28-03-2017,1960091,Apple,1,0,0
1837,28-03-2017,1960121,Apple,1,0,0
1838,28-03-2017,1960151,Xiaomi,1,0,0
1839,28-03-2017,1960171,Xiaomi,1,0,0
1840,28-03-2017,1960211,Xiaomi,1,0,0
1841,28-03-2017,1960291,Lenovo,1,0,0
1842,28-03-2017,1960301,Motorola,1,1,0
1843,28-03-2017,1960361,Xiaomi,1,0,0
1844,28-03-2017,1960381,Lenovo,1,0,0
1845,28-03-2017,1960431,Xiaomi,1,0,0
1846,28-03-2017,1960521,Apple,1,0,0
1847,29-03-2017,1951861,Xiaomi,1,0,0
1848,29-03-2017,1959321,Samsung,1,0,0
1849,29-03-2017,1961521,Apple,1,0,0
1850,29-03-2017,1962011,Samsung,1,0,0
1851,29-03-2017,1963871,Samsung,1,0,0
1852,29-03-2017,1964621,Apple,1,0,0
1853,29-03-2017,1964641,Apple,1,0,0
1854,29-03-2017,1965151,Samsung,1,0,0
1855,30-03-2017,1877011,Lenovo,1,0,0
1856,30-03-2017,1965911,Xiaomi,1,0,0
1857,30-03-2017,1967151,Apple,1,0,0
1858,30-03-2017,1967261,Apple,1,0,0
1859,30-03-2017,1967311,Apple,1,0,0
1860,30-03-2017,1967361,Apple,1,0,0
1861,30-03-2017,1967391,Apple,1,0,0
1862,30-03-2017,1967411,Apple,1,0,0
1863,30-03-2017,1967661,Apple,1,0,0
1864,30-03-2017,1967911,Apple,1,0,0
1865,30-03-2017,1968831,Apple,1,0,0
1866,30-03-2017,1971361,Apple,1,0,0
1867,31-03-2017,1962011,Samsung,1,1,0
1868,31-03-2017,1971391,Apple,1,0,0
1869,31-03-2017,1971421,Apple,1,0,0
1870,31-03-2017,1971451,Apple,1,0,0
1871,31-03-2017,1971921,Apple,1,0,0
1872,31-03-2017,1972141,Samsung,1,0,0
1873,31-03-2017,1973401,Samsung,1,0,0
1874,31-03-2017,1973701,Samsung,1,0,0
1875,31-03-2017,1973721,Samsung,1,0,0
1876,31-03-2017,1973871,Microsoft,1,0,0
1877,31-03-2017,1973911,HTC,1,0,0
1878,31-03-2017,1974121,Apple,1,0,0
1879,31-03-2017,1974411,OPPO,1,0,0
1880,31-03-2017,1975141,Sony,1,0,0
1881,31-03-2017,1975221,Apple,1,0,0
1882,31-03-2017,1975541,Apple,1,0,0
1883,31-03-2017,1975721,Apple,1,0,0
1884,31-03-2017,1976481,LYF,1,0,0
1885,31-03-2017,1976491,Samsung,1,0,0
1886,31-03-2017,1976881,Apple,1,0,0
1887,31-03-2017,1976941,Samsung,1,0,0
